year,country,DALY,PM25exposure
1990,Australia,6.4510000000000005,10.36402
1995,Australia,5.835,10.41745
2000,Australia,5.384,10.73562
2005,Australia,4.73,10.52515
2010,Australia,4.507,10.53559
2011,Australia,4.605,10.88267
2012,Australia,4.32,10.40148
2013,Australia,4.119,9.84329
2014,Australia,4.003,9.36117
2015,Australia,3.942,9.20277
2016,Australia,3.7039999999999997,8.53581
2017,Australia,3.7700000000000005,8.52437
1990,Austria,10.317,17.41988
1995,Austria,9.745999999999999,16.05844
2000,Austria,9.346,15.46764
2005,Austria,8.717,15.70761
2010,Austria,8.49,15.36477
2011,Austria,8.494,15.674010000000001
2012,Austria,8.07,14.50341
2013,Austria,7.9479999999999995,14.28511
2014,Austria,7.677,13.53498
2015,Austria,7.712,13.59913
2016,Austria,7.302,12.65744
2017,Austria,7.214,12.68774
1990,Belgium,12.311,17.45928
1995,Belgium,11.34,16.54072
2000,Belgium,10.886,15.97944
2005,Belgium,10.05,15.64455
2010,Belgium,9.627,16.22427
2011,Belgium,9.5,16.01357
2012,Belgium,9.196,14.93425
2013,Belgium,8.861,14.29062
2014,Belgium,8.338999999999999,13.44477
2015,Belgium,8.496,13.79065
2016,Belgium,8.105,13.06322
2017,Belgium,8.107,13.09935
1990,Afghanistan,16.908,64.05923
1995,Afghanistan,17.44,63.93765
2000,Afghanistan,14.206,65.1672
2005,Afghanistan,12.937000000000001,64.98111
2010,Afghanistan,10.457,66.20995
2011,Afghanistan,10.539,68.18194
2012,Afghanistan,10.179,65.88746
2013,Afghanistan,9.823,62.38391
2014,Afghanistan,9.443999999999999,59.56473
2015,Afghanistan,9.674,62.1258
2016,Afghanistan,9.025,57.44235
2017,Afghanistan,9.214,57.96859
1990,Albania,6.853,22.85328
1995,Albania,6.303,21.97342
2000,Albania,5.452,22.37511
2005,Albania,5.422,21.78893
2010,Albania,5.921,21.37192
2011,Albania,6.411,22.96589
2012,Albania,6.178,21.17497
2013,Albania,6.25,20.19687
2014,Albania,6.258,19.28665
2015,Albania,6.569,19.84378
2016,Albania,6.414,18.5064
2017,Albania,6.554,18.59367
1990,Algeria,11.036999999999999,37.37666
1995,Algeria,9.719,37.0212
2000,Algeria,9.446,36.50997
2005,Algeria,9.053,35.54758
2010,Algeria,8.818,34.1131
2011,Algeria,8.887,34.017
2012,Algeria,8.838000000000001,34.21854
2013,Algeria,8.961,34.91307
2014,Algeria,9.092,36.16571
2015,Algeria,9.155999999999999,38.54032
2016,Algeria,9.342,39.10874
2017,Algeria,9.292000000000002,39.40822
1990,American Samoa,4.867,12.4854
1995,American Samoa,5.532,12.4854
2000,American Samoa,7.208,15.9997
2005,American Samoa,7.981,16.0394
2010,American Samoa,9.251,15.8874
2011,American Samoa,9.654,16.2137
2012,American Samoa,9.459999999999999,15.1293
2013,American Samoa,9.491,14.8974
2014,American Samoa,9.328,14.0469
2015,American Samoa,9.469,13.7552
2016,American Samoa,9.39,13.0605
2017,American Samoa,9.639,13.1646
1990,Andorra,6.003,16.84625
1995,Andorra,6.079000000000001,16.74247
2000,Andorra,5.8260000000000005,16.26336
2005,Andorra,5.484999999999999,16.52068
2010,Andorra,5.754,15.70663
2011,Andorra,5.397,16.34298
2012,Andorra,5.1530000000000005,15.27708
2013,Andorra,5.205,14.4906
2014,Andorra,5.165,13.19952
2015,Andorra,5.563,13.95001
2016,Andorra,5.374,12.44181
2017,Andorra,5.6370000000000005,12.51611
1990,Angola,9.801,36.75431
1995,Angola,9.817,36.34699
2000,Angola,10.022,35.05411
2005,Angola,9.286,34.87769
2010,Angola,7.68,33.04805
2011,Angola,7.215,33.24009
2012,Angola,7.056,33.26244
2013,Angola,6.890000000000001,34.51178
2014,Angola,6.308999999999999,33.14034
2015,Angola,6.145,32.61187
2016,Angola,5.802,32.55246
2017,Angola,5.648,32.5582
1990,Antigua and Barbuda,7.93,16.98564
1995,Antigua and Barbuda,8.288,16.9927
2000,Antigua and Barbuda,7.9,22.61388
2005,Antigua and Barbuda,8.052,22.74908
2010,Antigua and Barbuda,8.085,22.862
2011,Antigua and Barbuda,8.222999999999999,23.44996
2012,Antigua and Barbuda,8.032,21.925
2013,Antigua and Barbuda,7.976999999999999,21.28003
2014,Antigua and Barbuda,7.901,20.12881
2015,Antigua and Barbuda,7.9399999999999995,20.04523
2016,Antigua and Barbuda,7.849,18.92599
2017,Antigua and Barbuda,7.962,18.93646
1990,Argentina,7.747999999999999,17.46831
1995,Argentina,7.643000000000001,17.63529
2000,Argentina,7.984999999999999,17.537
2005,Argentina,8.04,17.27838
2010,Argentina,8.448,17.54763
2011,Argentina,8.690999999999999,18.28105
2012,Argentina,8.349,16.72811
2013,Argentina,8.191,16.40784
2014,Argentina,7.7829999999999995,15.30608
2015,Argentina,7.853,15.12304
2016,Argentina,7.619,14.27303
2017,Argentina,7.561,14.23482
1990,Armenia,12.647,37.8424
1995,Armenia,13.350999999999999,36.05054
2000,Armenia,13.554,36.94509
2005,Armenia,15.937000000000001,37.25027
2010,Armenia,18.061,37.918
2011,Armenia,18.141000000000002,38.82542
2012,Armenia,17.588,37.16772
2013,Armenia,16.709,35.26826
2014,Armenia,16.222,33.19578
2015,Armenia,16.829,34.84461
2016,Armenia,16.310000000000002,32.49817
2017,Armenia,16.517,32.63979
1990,Azerbaijan,19.472,24.41096
1995,Azerbaijan,18.121000000000002,23.60124
2000,Azerbaijan,14.834,23.89057
2005,Azerbaijan,14.84,23.35418
2010,Azerbaijan,15.503,23.71448
2011,Azerbaijan,15.901,24.46963
2012,Azerbaijan,15.420000000000002,23.05358
2013,Azerbaijan,15.375,22.27806
2014,Azerbaijan,14.639,21.31051
2015,Azerbaijan,15.025,22.43594
2016,Azerbaijan,14.565,20.48857
2017,Azerbaijan,14.475999999999999,20.7103
1990,Bahamas,7.313000000000001,19.8085
1995,Bahamas,7.702999999999999,19.8819
2000,Bahamas,7.928000000000001,21.0688
2005,Bahamas,7.79,21.1937
2010,Bahamas,8.201,21.3587
2011,Bahamas,8.384,21.837
2012,Bahamas,8.112,20.4031
2013,Bahamas,8.08,19.8202
2014,Bahamas,8.005,18.7375
2015,Bahamas,8.248000000000001,18.7869
2016,Bahamas,8.094,17.7549
2017,Bahamas,8.164,17.7732
1990,Bahrain,12.843,71.3095
1995,Bahrain,12.77,70.86082
2000,Bahrain,11.183,67.26129
2005,Bahrain,9.25,63.24386
2010,Bahrain,8.104,64.57308
2011,Bahrain,8.275,62.82728
2012,Bahrain,8.722,70.07303
2013,Bahrain,8.985,67.06115
2014,Bahrain,9.174,62.69797
2015,Bahrain,9.742,71.75526
2016,Bahrain,9.870000000000001,69.20281
2017,Bahrain,9.968,69.88265
1990,Bangladesh,13.632000000000001,61.34614
1995,Bangladesh,11.879999999999999,61.94915
2000,Bangladesh,11.036999999999999,62.68087
2005,Bangladesh,10.671,67.79119
2010,Bangladesh,10.119,70.39011
2011,Bangladesh,9.870000000000001,70.82919
2012,Bangladesh,9.761,70.50447
2013,Bangladesh,9.126,65.69671
2014,Bangladesh,9.437000000000001,67.43894
2015,Bangladesh,9.271,67.08007
2016,Bangladesh,8.7,59.62672
2017,Bangladesh,8.838,60.5818
1990,Belarus,18.118000000000002,25.19035
1995,Belarus,22.725,23.00154
2000,Belarus,23.747,22.88607
2005,Belarus,26.144000000000002,22.77316
2010,Belarus,24.441,23.31878
2011,Belarus,24.47,23.13995
2012,Belarus,21.186,21.70759
2013,Belarus,20.35,20.67856
2014,Belarus,19.503,20.00149
2015,Belarus,18.77,20.28957
2016,Belarus,18.107,19.03623
2017,Belarus,18.269,19.04726
1990,Benin,8.368,39.34834
1995,Benin,7.048,38.77519
2000,Benin,6.538,38.78797
2005,Benin,5.241,33.14255
2010,Benin,4.7620000000000005,32.62136
2011,Benin,4.789,32.05052
2012,Benin,4.9030000000000005,33.16417
2013,Benin,4.815,31.64802
2014,Benin,4.502,30.18528
2015,Benin,5.675000000000001,40.83546
2016,Benin,5.297000000000001,39.40422
2017,Benin,5.116,39.74976
1990,Bermuda,8.202,11.9031
1995,Bermuda,7.321,11.8459
2000,Bermuda,7.771,15.1576
2005,Bermuda,7.545999999999999,15.1235
2010,Bermuda,7.651,14.9704
2011,Bermuda,7.818,15.1748
2012,Bermuda,7.773999999999999,14.2909
2013,Bermuda,7.782,13.7804
2014,Bermuda,7.697,13.0904
2015,Bermuda,7.6899999999999995,12.696
2016,Bermuda,7.589,11.9268
2017,Bermuda,7.765,11.9119
1990,Brazil,5.773,15.45155
1995,Brazil,5.843,15.59976
2000,Brazil,5.8149999999999995,15.93974
2005,Brazil,5.696,15.67449
2010,Brazil,6.239,16.1341
2011,Brazil,6.365,16.19772
2012,Brazil,6.228,15.41592
2013,Brazil,6.157,14.75907
2014,Brazil,6.029,14.17422
2015,Brazil,6,13.7389
2016,Brazil,5.9079999999999995,12.78547
2017,Brazil,6.116,12.82884
1990,Congo,9.477,47.67734
1995,Congo,9.685,47.3689
2000,Congo,9.84,45.59529
2005,Congo,8.604,42.8329
2010,Congo,7.621,43.96408
2011,Congo,7.711,44.27218
2012,Congo,7.5649999999999995,43.93055
2013,Congo,7.801,45.07891
2014,Congo,7.775,45.00433
2015,Congo,7.601,44.97132
2016,Congo,7.678999999999999,47.47106
2017,Congo,7.872,47.43886
1990,Bolivia,11.02,25.39021
1995,Bolivia,10.343,25.76716
2000,Bolivia,9.599,27.36503
2005,Bolivia,9.378,30.02403
2010,Bolivia,8.619,31.04046
2011,Bolivia,8.208,29.18144
2012,Bolivia,7.842,27.89628
2013,Bolivia,7.761,27.11868
2014,Bolivia,7.4510000000000005,25.72985
2015,Bolivia,7.018000000000001,23.64304
2016,Bolivia,6.821999999999999,22.30963
2017,Bolivia,6.946,22.23571
1990,Brunei Darussalam,3.553,6.44366
1995,Brunei Darussalam,3.7720000000000002,6.48079
2000,Brunei Darussalam,3.723,6.68944
2005,Brunei Darussalam,4.101,7.0694
2010,Brunei Darussalam,4.56,7.22044
2011,Brunei Darussalam,4.606,7.16448
2012,Brunei Darussalam,4.83,7.35001
2013,Brunei Darussalam,4.253,6.51222
2014,Brunei Darussalam,3.7960000000000003,6.02944
2015,Brunei Darussalam,4.165,6.33828
2016,Brunei Darussalam,3.653,5.76848
2017,Brunei Darussalam,3.709,5.75702
1990,Canada,5.879,8.23971
1995,Canada,5.707,8.13253
2000,Canada,5.638,8.18316
2005,Canada,5.436999999999999,8.45246
2010,Canada,5.095000000000001,8.37601
2011,Canada,5.1240000000000006,8.57013
2012,Canada,4.909000000000001,8.10123
2013,Canada,4.679,7.75003
2014,Canada,4.5809999999999995,7.30653
2015,Canada,4.443,7.17206
2016,Canada,3.979,6.48028
2017,Canada,3.896,6.45931
1990,Burkina Faso,8.791,45.98025
1995,Burkina Faso,7.996,45.63399
2000,Burkina Faso,7.832,45.37207
2005,Burkina Faso,6.438,39.80252
2010,Burkina Faso,5.747,38.16137
2011,Burkina Faso,5.73,38.00042
2012,Burkina Faso,6.011,37.93977
2013,Burkina Faso,5.148,33.55557
2014,Burkina Faso,5.321,34.87611
2015,Burkina Faso,7.002000000000001,46.96575
2016,Burkina Faso,6.429,43.49526
2017,Burkina Faso,6.4719999999999995,43.92465
1990,Belize,4.8629999999999995,25.26313
1995,Belize,5.356,25.37212
2000,Belize,6.183999999999999,27.07572
2005,Belize,6.307,27.33362
2010,Belize,6.4239999999999995,27.4143
2011,Belize,6.568,28.40965
2012,Belize,6.395,26.50686
2013,Belize,6.4879999999999995,26.25522
2014,Belize,6.255,23.89615
2015,Belize,6.585,23.84591
2016,Belize,6.497,22.48097
2017,Belize,6.6419999999999995,22.49903
1990,Barbados,13.228,20.03829
1995,Barbados,13.443999999999999,20.04643
2000,Barbados,13.097999999999999,27.81793
2005,Barbados,13.479,27.94658
2010,Barbados,12.891,27.98929
2011,Barbados,13.231,28.72188
2012,Barbados,12.948,26.84111
2013,Barbados,13.053999999999998,26.07501
2014,Barbados,13.307,24.61917
2015,Barbados,13.523,24.49108
2016,Barbados,13.536000000000001,23.1489
2017,Barbados,13.754999999999999,23.13993
1990,Bosnia and Herzegovina,5.722,35.81201
1995,Bosnia and Herzegovina,7.9,33.91824
2000,Bosnia and Herzegovina,10.018,34.13573
2005,Bosnia and Herzegovina,11.782,34.88487
2010,Bosnia and Herzegovina,12.388,33.56461
2011,Bosnia and Herzegovina,13.005,35.52952
2012,Bosnia and Herzegovina,12.669,32.63229
2013,Bosnia and Herzegovina,12.814,31.20191
2014,Bosnia and Herzegovina,12.7,30.02573
2015,Bosnia and Herzegovina,13.296,30.83203
2016,Bosnia and Herzegovina,12.879999999999999,28.4727
2017,Bosnia and Herzegovina,13.021,28.6026
1990,Botswana,4.161,25.61617
1995,Botswana,4.228,25.34418
2000,Botswana,4.596,25.1841
2005,Botswana,5.183999999999999,25.49218
2010,Botswana,5.574,25.73153
2011,Botswana,5.465,24.92287
2012,Botswana,5.489,25.23922
2013,Botswana,5.4990000000000006,24.86629
2014,Botswana,5.462,24.23895
2015,Botswana,5.567,24.86712
2016,Botswana,5.516,23.65199
2017,Botswana,5.498,23.67802
1990,Central African Republic,10.203,54.19615
1995,Central African Republic,10.620000000000001,53.97322
2000,Central African Republic,10.364,53.47561
2005,Central African Republic,10.809000000000001,50.8
2010,Central African Republic,11.432,50.77156
2011,Central African Republic,11.282,51.60852
2012,Central African Republic,11.682,52.71746
2013,Central African Republic,11.129999999999999,51.88443
2014,Central African Republic,10.76,49.59224
2015,Central African Republic,12.014,57.87464
2016,Central African Republic,11.536999999999999,56.77797
2017,Central African Republic,11.268999999999998,57.22223
1990,Cameroon,12.459,76.08366
1995,Cameroon,12.905999999999999,74.82898
2000,Cameroon,12.652000000000001,72.1505
2005,Cameroon,11.417,66.26961
2010,Cameroon,11.338999999999999,61.87267
2011,Cameroon,10.927,59.21358
2012,Cameroon,11.286000000000001,62.54647
2013,Cameroon,10.57,59.36916
2014,Cameroon,10.195,58.29008
2015,Cameroon,11.942,76.13267
2016,Cameroon,11.71,73.86702
2017,Cameroon,11.397,74.93486
1990,Bhutan,9.911999999999999,37.1771
1995,Bhutan,10.359,37.43123
2000,Bhutan,9.503,36.95217
2005,Bhutan,9.215,39.78274
2010,Bhutan,8.953,39.65497
2011,Bhutan,8.743,38.77345
2012,Bhutan,8.657,38.70409
2013,Bhutan,8.556000000000001,37.69268
2014,Bhutan,8.458,36.52952
2015,Bhutan,8.406,35.88962
2016,Bhutan,8.136,33.69255
2017,Bhutan,8.351,33.95557
1990,Bulgaria,17.669,28.67637
1995,Bulgaria,20.337,26.39074
2000,Bulgaria,20.104,25.33827
2005,Bulgaria,19.915,24.3186
2010,Bulgaria,19.155,23.62288
2011,Bulgaria,19.747,25.44274
2012,Bulgaria,18.683,23.3744
2013,Bulgaria,17.83,21.94858
2014,Bulgaria,18.436,21.61002
2015,Bulgaria,18.387999999999998,21.67672
2016,Bulgaria,17.874,20.18148
2017,Bulgaria,18.089,20.28975
1990,Czech Republic,20.195999999999998,24.90836
1995,Czech Republic,16.83,22.2866
2000,Czech Republic,14.59,20.66616
2005,Czech Republic,13.719000000000001,20.64953
2010,Czech Republic,13.408000000000001,20.77924
2011,Czech Republic,13.344999999999999,20.2512
2012,Czech Republic,12.989,18.79705
2013,Czech Republic,12.818,18.31878
2014,Czech Republic,12.457,17.53825
2015,Czech Republic,12.690000000000001,17.64812
2016,Czech Republic,12.309,16.21703
2017,Czech Republic,12.399999999999999,16.21481
1990,Denmark,12.963000000000001,12.6183
1995,Denmark,11.975,11.98831
2000,Denmark,10.341,12.54813
2005,Denmark,9.303999999999998,12.27896
2010,Denmark,8.872,12.30225
2011,Denmark,8.883,12.95704
2012,Denmark,8.138,11.38229
2013,Denmark,7.933999999999999,11.02389
2014,Denmark,7.929,11.32302
2015,Denmark,7.7379999999999995,10.88294
2016,Denmark,7.598000000000001,10.35071
2017,Denmark,7.704,10.35431
1990,Burundi,9.042,40.56
1995,Burundi,8.267,40.47972
2000,Burundi,7.228,40.38272
2005,Burundi,6.066,39.23144
2010,Burundi,4.981999999999999,37.82827
2011,Burundi,4.960000000000001,39.06109
2012,Burundi,5.183999999999999,41.29613
2013,Burundi,4.9719999999999995,40.7274
2014,Burundi,4.884,39.72707
2015,Burundi,4.651,38.62336
2016,Burundi,4.5009999999999994,39.017
2017,Burundi,4.506,39.00327
1990,Cambodia,11.538,29.50403
1995,Cambodia,10.271,29.73909
2000,Cambodia,8.318,29.8484
2005,Cambodia,6.949,31.41341
2010,Cambodia,5.928,31.5127
2011,Cambodia,5.76,31.07054
2012,Cambodia,5.785,31.07473
2013,Cambodia,5.593999999999999,30.42878
2014,Cambodia,5.3260000000000005,28.59801
2015,Cambodia,5.029,27.32675
2016,Cambodia,4.803,25.42756
2017,Cambodia,4.851,25.53915
1990,Cabo Verde,3.7060000000000004,36.51713
1995,Cabo Verde,4.127,36.42826
2000,Cabo Verde,4.751,35.14881
2005,Cabo Verde,3.947,29.97409
2010,Cabo Verde,3.959,27.32254
2011,Cabo Verde,4.448,31.40341
2012,Cabo Verde,4.734,32.61647
2013,Cabo Verde,4.707,31.37024
2014,Cabo Verde,4.75,30.97844
2015,Cabo Verde,5.510999999999999,37.14871
2016,Cabo Verde,5.162,32.55358
2017,Cabo Verde,5.413,33.70109
1990,Chad,12.044,64.50606
1995,Chad,12.544,64.0611
2000,Chad,12.488,62.92685
2005,Chad,10.285,59.73738
2010,Chad,10.190000000000001,56.50536
2011,Chad,9.645,55.68765
2012,Chad,10.064,57.59585
2013,Chad,9.388,55.49521
2014,Chad,9.123000000000001,52.70567
2015,Chad,11.556,68.11538
2016,Chad,10.894,65.67592
2017,Chad,10.829,66.25741
1990,Chile,6.600999999999999,27.4469
1995,Chile,6.119,28.21053
2000,Chile,5.682,27.49149
2005,Chile,5.702999999999999,27.40818
2010,Chile,6.295,27.19477
2011,Chile,6.404,28.59267
2012,Chile,6.255,26.24838
2013,Chile,6.271,25.4118
2014,Chile,6.175,23.99826
2015,Chile,6.233,23.72539
2016,Chile,6.133,22.16609
2017,Chile,6.321,22.13709
1990,China (People's Republic of),11.465,58.9615
1995,China (People's Republic of),11.682,59.90655
2000,China (People's Republic of),11.57,61.35124
2005,China (People's Republic of),12.097,66.99273
2010,China (People's Republic of),13.479000000000001,70.40975
2011,China (People's Republic of),13.940000000000001,71.47993
2012,China (People's Republic of),13.658,64.46735
2013,China (People's Republic of),13.957999999999998,66.49567
2014,China (People's Republic of),14.038,60.52528
2015,China (People's Republic of),14.478,60.01398
2016,China (People's Republic of),13.944,53.13792
2017,China (People's Republic of),14.051000000000002,53.45372
1990,Colombia,3.825,20.26284
1995,Colombia,4.19,20.23903
2000,Colombia,4.109,20.78453
2005,Colombia,4.289,21.49354
2010,Colombia,4.758,21.80063
2011,Colombia,4.679,21.52666
2012,Colombia,4.648,21.14001
2013,Colombia,4.553,20.04309
2014,Colombia,4.526,18.84498
2015,Colombia,4.566,17.95165
2016,Colombia,4.555,16.9985
2017,Colombia,4.6899999999999995,16.91747
1990,Comoros,5.702,24.08042
1995,Comoros,4.8870000000000005,24.03398
2000,Comoros,4.141,21.74444
2005,Comoros,3.498,21.86484
2010,Comoros,3.2119999999999997,21.01803
2011,Comoros,3.214,21.13467
2012,Comoros,3.151,21.1399
2013,Comoros,3.003,21.14227
2014,Comoros,3.0250000000000004,21.19216
2015,Comoros,2.899,20.6456
2016,Comoros,2.831,20.35366
2017,Comoros,2.83,20.29387
1990,Costa Rica,2.73,18.44969
1995,Costa Rica,3.311,18.66415
2000,Costa Rica,3.4539999999999997,19.7109
2005,Costa Rica,3.51,19.82595
2010,Costa Rica,3.955,19.51495
2011,Costa Rica,3.982,19.90392
2012,Costa Rica,4.01,19.58392
2013,Costa Rica,3.981,18.65269
2014,Costa Rica,3.99,17.86013
2015,Costa Rica,4.096,16.98939
2016,Costa Rica,4.204000000000001,15.93494
2017,Costa Rica,4.327999999999999,15.85286
1990,Côte d'Ivoire,5.201,25.31224
1995,Côte d'Ivoire,5.381,25.12734
2000,Côte d'Ivoire,5.587,24.8131
2005,Côte d'Ivoire,4.734,21.77185
2010,Côte d'Ivoire,4.16,21.3244
2011,Côte d'Ivoire,4.316,22.8539
2012,Côte d'Ivoire,4.511,22.77987
2013,Côte d'Ivoire,4.413,21.45758
2014,Côte d'Ivoire,4.306,20.67161
2015,Côte d'Ivoire,5.332,26.98857
2016,Côte d'Ivoire,5.016,26.37999
2017,Côte d'Ivoire,4.748,26.46771
1990,Croatia,13.265,21.64819
1995,Croatia,13.541,20.5018
2000,Croatia,14.459,21.23521
2005,Croatia,14.962,21.78639
2010,Croatia,14.189,20.73928
2011,Croatia,14.291,21.65123
2012,Croatia,13.66,19.73537
2013,Croatia,13.018,19.23496
2014,Croatia,12.907,18.27919
2015,Croatia,13.665,19.11256
2016,Croatia,12.748000000000001,17.65872
2017,Croatia,12.853,17.72149
1990,Cuba,9.471,23.58625
1995,Cuba,10.261,23.54902
2000,Cuba,10.065000000000001,23.95317
2005,Cuba,10.371,23.96738
2010,Cuba,10.788,23.85034
2011,Cuba,10.599,24.4404
2012,Cuba,10.628,23.09024
2013,Cuba,10.794,22.37591
2014,Cuba,10.697,20.91656
2015,Cuba,11.053,20.88716
2016,Cuba,11.001000000000001,19.65372
2017,Cuba,11.097,19.63593
1990,Democratic People's Republic of Korea,7.859,38.82939
1995,Democratic People's Republic of Korea,8.818999999999999,38.70999
2000,Democratic People's Republic of Korea,9.475999999999999,39.18504
2005,Democratic People's Republic of Korea,10.061,39.66628
2010,Democratic People's Republic of Korea,10.786999999999999,39.4513
2011,Democratic People's Republic of Korea,10.891,39.65942
2012,Democratic People's Republic of Korea,10.445,36.68006
2013,Democratic People's Republic of Korea,10.783000000000001,37.68738
2014,Democratic People's Republic of Korea,10.518,35.4536
2015,Democratic People's Republic of Korea,11.138,37.78088
2016,Democratic People's Republic of Korea,9.914,32.03953
2017,Democratic People's Republic of Korea,10.093,32.42833
1990,Democratic Republic of the Congo,10.744,44.77945
1995,Democratic Republic of the Congo,9.95,44.56707
2000,Democratic Republic of the Congo,9.527000000000001,44.04668
2005,Democratic Republic of the Congo,7.606999999999999,42.45341
2010,Democratic Republic of the Congo,6.8420000000000005,41.43792
2011,Democratic Republic of the Congo,6.785,41.87642
2012,Democratic Republic of the Congo,6.929,43.39882
2013,Democratic Republic of the Congo,7.047000000000001,43.3745
2014,Democratic Republic of the Congo,6.683,42.38747
2015,Democratic Republic of the Congo,6.949999999999999,44.58291
2016,Democratic Republic of the Congo,6.800000000000001,44.08097
2017,Democratic Republic of the Congo,6.545999999999999,44.31301
1990,Egypt,38.888000000000005,74.88955
1995,Egypt,29.451,73.43587
2000,Egypt,24.764,72.76637
2005,Egypt,24.310000000000002,73.39152
2010,Egypt,24.185000000000002,77.90224
2011,Egypt,23.186,70.72968
2012,Egypt,22.941000000000003,73.48837
2013,Egypt,22.454,77.50645
2014,Egypt,21.898,76.34488
2015,Egypt,23.33,88.30329
2016,Egypt,22.448,85.43856
2017,Egypt,21.985,86.60764
1990,El Salvador,4.051,30.76546
1995,El Salvador,4.683,31.17654
2000,El Salvador,5.242,32.12153
2005,El Salvador,5.9079999999999995,32.34264
2010,El Salvador,6.289,31.47073
2011,El Salvador,6.8629999999999995,33.57182
2012,El Salvador,6.486,31.4727
2013,El Salvador,6.736000000000001,31.46898
2014,El Salvador,6.715999999999999,27.5767
2015,El Salvador,6.7509999999999994,26.81108
2016,El Salvador,6.5969999999999995,24.96931
2017,El Salvador,6.646,24.90166
1990,Finland,7.768,7.41045
1995,Finland,6.677,7.13694
2000,Finland,6.096,7.13298
2005,Finland,5.577,7.13376
2010,Finland,5.337,7.28899
2011,Finland,5.305,7.39376
2012,Finland,4.68,6.71052
2013,Finland,4.3580000000000005,6.3459
2014,Finland,4.432,6.57508
2015,Finland,4.024,6.08473
2016,Finland,3.9,5.94186
2017,Finland,3.9770000000000003,5.90603
1990,France,6.75,15.64836
1995,France,6.394,15.07773
2000,France,6.2379999999999995,14.78382
2005,France,5.977,14.78401
2010,France,5.948,14.84296
2011,France,5.93,15.09754
2012,France,5.691,14.00249
2013,France,5.58,13.69998
2014,France,5.177,12.56274
2015,France,5.306,12.82713
2016,France,5.038,11.9765
2017,France,5.052,11.95962
1990,Greece,11.251999999999999,20.03784
1995,Greece,10.937999999999999,19.30241
2000,Greece,11.146,20.00605
2005,Greece,11.322,19.39906
2010,Greece,11.233,19.13968
2011,Greece,11.702,20.05871
2012,Greece,11.486,18.60477
2013,Greece,11.024000000000001,17.75888
2014,Greece,10.879999999999999,17.5534
2015,Greece,11.171,17.60409
2016,Greece,10.847000000000001,16.36196
2017,Greece,10.955,16.47663
1990,Cyprus,10.447,19.42981
1995,Cyprus,9.988,19.15801
2000,Cyprus,10.402000000000001,20.93244
2005,Cyprus,9.801,20.35955
2010,Cyprus,8.987,20.52215
2011,Cyprus,8.835,20.60061
2012,Cyprus,8.616,19.8866
2013,Cyprus,8.591999999999999,19.19752
2014,Cyprus,8.6,18.95962
2015,Cyprus,8.821,19.77939
2016,Cyprus,8.5,17.548
2017,Cyprus,8.725999999999999,17.75193
1990,Djibouti,6.918,43.09408
1995,Djibouti,9.247,42.79072
2000,Djibouti,9.605,42.06342
2005,Djibouti,10.065999999999999,40.53556
2010,Djibouti,9.254999999999999,40.09374
2011,Djibouti,9.45,42.13658
2012,Djibouti,9.243,42.52943
2013,Djibouti,9.245000000000001,42.50183
2014,Djibouti,9.282,41.86389
2015,Djibouti,9.977,47.66805
2016,Djibouti,10.014,46.49869
2017,Djibouti,9.940000000000001,47.09866
1990,Dominica,5.025,21.46796
1995,Dominica,6.233,21.47135
2000,Dominica,7.292,22.94823
2005,Dominica,8.32,23.08225
2010,Dominica,9.126,23.20093
2011,Dominica,9.556999999999999,23.82571
2012,Dominica,9.389,22.2447
2013,Dominica,9.564,21.63315
2014,Dominica,9.548,20.45274
2015,Dominica,9.629999999999999,20.34144
2016,Dominica,9.594999999999999,19.24918
2017,Dominica,9.581,19.23952
1990,Dominican Republic,3.127,15.54252
1995,Dominican Republic,3.324,15.6155
2000,Dominican Republic,3.769,16.74389
2005,Dominican Republic,4.761,16.88698
2010,Dominican Republic,5.25,16.935669999999998
2011,Dominican Republic,5.459,17.34286
2012,Dominican Republic,5.478,16.22987
2013,Dominican Republic,5.617,15.72911
2014,Dominican Republic,5.541,14.84532
2015,Dominican Republic,6.006,14.86635
2016,Dominican Republic,5.856,14.00529
2017,Dominican Republic,5.958,14.02285
1990,Ecuador,5.077,17.95684
1995,Ecuador,5.86,18.19059
2000,Ecuador,6.021,19.71126
2005,Ecuador,6.424,20.85839
2010,Ecuador,6.735,20.9653
2011,Ecuador,6.51,20.52275
2012,Ecuador,6.478999999999999,20.84647
2013,Ecuador,6.109999999999999,19.21701
2014,Ecuador,5.669,17.32958
2015,Ecuador,5.556,16.83476
2016,Ecuador,5.561999999999999,16.07391
2017,Ecuador,5.612,15.85361
1990,Equatorial Guinea,13.018,54.56965
1995,Equatorial Guinea,12.823,53.93721
2000,Equatorial Guinea,9.865,52.5064
2005,Equatorial Guinea,6.441,46.16914
2010,Equatorial Guinea,5.654,47.4026
2011,Equatorial Guinea,5.367,47.67971
2012,Equatorial Guinea,5.127000000000001,46.00419
2013,Equatorial Guinea,4.827999999999999,44.38007
2014,Equatorial Guinea,4.964,46.75787
2015,Equatorial Guinea,5.406,53.60076
2016,Equatorial Guinea,5.542,55.51752
2017,Equatorial Guinea,5.48,55.62151
1990,Eritrea,10.375,47.06574
1995,Eritrea,12.469000000000001,46.72321
2000,Eritrea,11.631,46.53185
2005,Eritrea,11.068999999999999,46.00675
2010,Eritrea,9.712,45.2112
2011,Eritrea,9.472,45.66154
2012,Eritrea,9.418,45.91164
2013,Eritrea,9.446,46.86994
2014,Eritrea,8.654,43.95205
2015,Eritrea,9.064,49.07965
2016,Eritrea,8.639,48.90531
2017,Eritrea,8.34,48.91276
1990,Estonia,8.389,7.3848
1995,Estonia,10.422,6.9610900000000004
2000,Estonia,8.954,8.3655
2005,Estonia,8.583,8.55189
2010,Estonia,7.191,8.64197
2011,Estonia,7.047000000000001,8.51723
2012,Estonia,6.521,7.96305
2013,Estonia,6.078,7.54313
2014,Estonia,6.277,7.73599
2015,Estonia,5.493,7.09232
2016,Estonia,5.401,6.88554
2017,Estonia,5.364000000000001,6.84199
1990,Ethiopia,14.18,36.13882
1995,Ethiopia,11.547,35.92009
2000,Ethiopia,5.8740000000000006,35.69883
2005,Ethiopia,4.13,34.50132
2010,Ethiopia,3.679,35.38721
2011,Ethiopia,3.6100000000000003,36.08137
2012,Ethiopia,3.473,36.2883
2013,Ethiopia,3.341,36.07312
2014,Ethiopia,3.224,35.42387
2015,Ethiopia,3.382,39.24354
2016,Ethiopia,3.2960000000000003,38.5493
2017,Ethiopia,3.276,38.78116
1990,Fiji,4.494,12.65096
1995,Fiji,5.665,12.67583
2000,Fiji,7.726000000000001,13.31589
2005,Fiji,9.077,13.31847
2010,Fiji,10.632,13.4154
2011,Fiji,11.145,13.61201
2012,Fiji,10.682,12.94121
2013,Fiji,10.464,12.21048
2014,Fiji,10.584,11.93149
2015,Fiji,10.719,11.6479
2016,Fiji,10.387,10.95927
2017,Fiji,10.432,10.70372
1990,Ghana,6.208,35.43819
1995,Ghana,5.616,35.02599
2000,Ghana,5.869,34.3947
2005,Ghana,4.952999999999999,27.62106
2010,Ghana,4.986,27.32013
2011,Ghana,5.202999999999999,28.30862
2012,Ghana,5.303,28.705
2013,Ghana,5.189,27.55132
2014,Ghana,4.938000000000001,25.77033
2015,Ghana,6.321,34.37018
2016,Ghana,6.713,34.9148
2017,Ghana,6.428,35.07234
1990,Grenada,7.269,25.39067
1995,Grenada,7.763,25.4075
2000,Grenada,9.035,27.79131
2005,Grenada,11.516,27.9315
2010,Grenada,13.814,27.93196
2011,Grenada,14.398,28.67266
2012,Grenada,14.245999999999999,26.77472
2013,Grenada,14.473,25.99963
2014,Grenada,14.559000000000001,24.52197
2015,Grenada,14.899000000000001,24.42207
2016,Grenada,14.915,23.06362
2017,Grenada,15.039000000000001,23.06073
1990,Guinea-Bissau,6.2170000000000005,31.25509
1995,Guinea-Bissau,5.6080000000000005,31.12459
2000,Guinea-Bissau,5.555,30.19495
2005,Guinea-Bissau,4.306,26.7217
2010,Guinea-Bissau,4.139,27.13185
2011,Guinea-Bissau,4.059,26.62058
2012,Guinea-Bissau,3.7880000000000003,26.9839
2013,Guinea-Bissau,3.751,25.70857
2014,Guinea-Bissau,3.755,26.23562
2015,Guinea-Bissau,4.214,32.22759
2016,Guinea-Bissau,3.9139999999999997,29.47675
2017,Guinea-Bissau,3.835,29.96029
1990,Ireland,9.318000000000001,10.19462
1995,Ireland,8.862,10.00237
2000,Ireland,7.93,10.10227
2005,Ireland,6.098,9.99974
2010,Ireland,5.239,10.01998
2011,Ireland,5.443,10.30893
2012,Ireland,5.227,9.57135
2013,Ireland,5.176,9.45431
2014,Ireland,4.937,8.79914
2015,Ireland,4.958,8.73556
2016,Ireland,4.808,8.27768
2017,Ireland,4.859,8.27177
1990,Gabon,10.067,45.9424
1995,Gabon,10.427,45.61684
2000,Gabon,10.333,43.7579
2005,Gabon,10.347000000000001,39.70326
2010,Gabon,9.945,41.79869
2011,Gabon,10.01,41.18657
2012,Gabon,9.707,40.78267
2013,Gabon,9.457,41.11295
2014,Gabon,9.422,42.14668
2015,Gabon,9.602,44.10181
2016,Gabon,9.504,45.55615
2017,Gabon,9.545,45.75431
1990,Gambia,6.708,36.39473
1995,Gambia,5.866,36.20177
2000,Gambia,5.176,34.71012
2005,Gambia,4.596,30.36295
2010,Gambia,4.211,30.66437
2011,Gambia,4.0489999999999995,29.58941
2012,Gambia,4.2170000000000005,30.9668
2013,Gambia,4.074,29.44482
2014,Gambia,4.069,30.73496
2015,Gambia,4.672,36.98117
2016,Gambia,4.205,33.29927
2017,Gambia,4.327999999999999,34.20643
1990,Georgia,14.327,26.97432
1995,Georgia,12.852,25.63277
2000,Georgia,11.526,26.04188
2005,Georgia,11.302,26.11175
2010,Georgia,13.027999999999999,26.50124
2011,Georgia,13.207,26.87644
2012,Georgia,12.465,25.25757
2013,Georgia,12.198,24.2029
2014,Georgia,11.803,23.14596
2015,Georgia,12.564,23.94359
2016,Georgia,12.453,22.0455
2017,Georgia,12.925,22.15483
1990,Greenland,9.874,13.86786
1995,Greenland,9.649000000000001,13.79049
2000,Greenland,9.186,15.23154
2005,Greenland,9.084,15.06397
2010,Greenland,8.952,14.9706
2011,Greenland,8.982,15.28698
2012,Greenland,8.765,14.38026
2013,Greenland,8.516,13.96142
2014,Greenland,8.475,13.42533
2015,Greenland,8.385,12.98754
2016,Greenland,8.341999999999999,12.55734
2017,Greenland,8.424,12.49907
1990,Guam,6.2940000000000005,11.792
1995,Guam,7.253,11.7893
2000,Guam,9.621,15.3507
2005,Guam,10.49,14.8228
2010,Guam,11.814,14.9392
2011,Guam,12.197,15.1805
2012,Guam,12.074,14.2577
2013,Guam,12.036999999999999,13.7732
2014,Guam,11.850999999999999,12.9509
2015,Guam,12.477,13.5019
2016,Guam,12.116,12.5552
2017,Guam,12.231,12.5503
1990,Guatemala,6.433,30.00882
1995,Guatemala,7.022,30.49816
2000,Guatemala,7.678,31.3118
2005,Guatemala,6.933999999999999,31.49118
2010,Guatemala,5.936,30.35342
2011,Guatemala,6.161,31.9247
2012,Guatemala,5.927,30.30728
2013,Guatemala,6.024,30.48031
2014,Guatemala,5.606,26.71333
2015,Guatemala,5.497,25.74937
2016,Guatemala,5.413,23.97902
2017,Guatemala,5.563000000000001,23.97105
1990,Guinea,8.013,24.40209
1995,Guinea,6.218,24.27165
2000,Guinea,5.433,23.72882
2005,Guinea,4.568,22.21645
2010,Guinea,4.186,22.23994
2011,Guinea,4.119,22.46584
2012,Guinea,4.136,22.9692
2013,Guinea,3.8369999999999997,20.95859
2014,Guinea,3.792,21.09061
2015,Guinea,4.6419999999999995,25.9645
2016,Guinea,4.309,24.68232
2017,Guinea,4.339,24.81071
1990,Guyana,7.401,22.95754
1995,Guyana,7.612,22.97342
2000,Guyana,9.471,27.68551
2005,Guyana,10.422,27.8792
2010,Guyana,10.951,27.58913
2011,Guyana,11.636,28.32798
2012,Guyana,11.649999999999999,26.57176
2013,Guyana,11.181000000000001,25.73084
2014,Guyana,10.857,24.2283
2015,Guyana,10.873000000000001,24.18761
2016,Guyana,10.57,22.81253
2017,Guyana,10.594,22.82275
1990,Haiti,4.763,15.85471
1995,Haiti,4.484,15.90913
2000,Haiti,4.152,18.7535
2005,Haiti,3.9939999999999998,18.98151
2010,Haiti,4.032,19.11384
2011,Haiti,4.163,19.6115
2012,Haiti,3.893,18.31094
2013,Haiti,3.764,17.7733
2014,Haiti,3.69,16.78086
2015,Haiti,3.512,16.81293
2016,Haiti,3.422,15.83285
2017,Haiti,3.4059999999999997,15.84877
1990,India,15.631,81.68808
1995,India,15.183,82.30693
2000,India,14.681000000000001,84.69884
2005,India,14.03,89.24728
2010,India,15.195,96.34674
2011,India,15.642000000000001,97.19111
2012,India,15.113,88.09092
2013,India,15.654,91.98473
2014,India,15.614999999999998,89.44603
2015,India,15.870999999999999,88.64802
2016,India,15.873,89.88269
2017,India,15.942,90.2457
1990,Indonesia,5.184,17.76117
1995,Indonesia,5.045,17.8313
2000,Indonesia,5.106999999999999,18.11363
2005,Indonesia,5.497,19.18146
2010,Indonesia,5.668,18.4647
2011,Indonesia,5.747,18.23171
2012,Indonesia,5.913,18.40013
2013,Indonesia,5.741,17.08493
2014,Indonesia,5.774,16.74728
2015,Indonesia,6.039,16.82191
2016,Indonesia,6.131,16.62931
2017,Indonesia,6.317,16.70816
1990,Iran,10.075,39.06871
1995,Iran,8.888,38.65057
2000,Iran,8.498000000000001,38.99139
2005,Iran,8.823,38.19342
2010,Iran,9.247,38.91465
2011,Iran,9.232,38.45263
2012,Iran,9.301,38.80363
2013,Iran,9.333,38.42392
2014,Iran,9.397,38.27532
2015,Iran,9.608,39.97714
2016,Iran,9.577,39.19964
2017,Iran,9.638,39.32537
1990,Iraq,19.64,65.00603
1995,Iraq,21.035,64.37817
2000,Iraq,19.741,64.04401
2005,Iraq,16.570999999999998,62.86515
2010,Iraq,13.369,67.41719
2011,Iraq,12.51,66.24961
2012,Iraq,11.844000000000001,66.52124
2013,Iraq,11.164,63.6222
2014,Iraq,10.298,56.70113
2015,Iraq,10.147,66.99017
2016,Iraq,9.734,63.09981
2017,Iraq,9.46,62.50039
1990,Israel,9.376999999999999,23.25068
1995,Israel,8.824,23.01753
2000,Israel,8.387,24.21463
2005,Israel,7.289000000000001,22.77949
2010,Israel,6.43,23.78346
2011,Israel,6.487,23.65687
2012,Israel,6.311,22.81231
2013,Israel,6.287,22.70588
2014,Israel,6.143,21.84987
2015,Israel,6.313000000000001,22.27252
2016,Israel,6.0440000000000005,20.62678
2017,Israel,6.119,20.8113
1990,Germany,13.036999999999999,17.48779
1995,Germany,11.388,15.8619
2000,Germany,10.137,15.05441
2005,Germany,9.354,14.57788
2010,Germany,9.561,15.38112
2011,Germany,9.339,14.9885
2012,Germany,8.915,13.77974
2013,Germany,8.943999999999999,13.34938
2014,Germany,8.624,12.95331
2015,Germany,8.925,12.97559
2016,Germany,8.786,12.08735
2017,Germany,8.822,12.08939
1990,Hungary,15.119,21.74888
1995,Hungary,15.529,19.95322
2000,Hungary,14.797,19.25588
2005,Hungary,15.798,19.6949
2010,Hungary,15.381,19.50528
2011,Hungary,15.347,19.71477
2012,Hungary,14.472999999999999,17.75631
2013,Hungary,13.972999999999999,17.38891
2014,Hungary,13.476,16.50801
2015,Hungary,14.652999999999999,17.39666
2016,Hungary,13.416,16.06693
2017,Hungary,13.295,16.08462
1990,Iceland,5.2669999999999995,8.25301
1995,Iceland,4.941,8.14162
2000,Iceland,4.444,8.37167
2005,Iceland,4.132,8.32544
2010,Iceland,3.949,8.21186
2011,Iceland,4.016,8.45311
2012,Iceland,3.65,7.73023
2013,Iceland,3.598,7.57365
2014,Iceland,3.4400000000000004,7.20954
2015,Iceland,3.5089999999999995,7.21924
2016,Iceland,3.232,6.80928
2017,Iceland,3.269,6.78283
1990,Italy,10.485,21.15975
1995,Italy,9.929,20.1003
2000,Italy,9.477,19.69202
2005,Italy,8.802999999999999,19.41877
2010,Italy,8.472999999999999,18.99694
2011,Italy,8.775,19.84583
2012,Italy,8.472000000000001,18.22088
2013,Italy,8.357,17.73271
2014,Italy,8.307,17.59491
2015,Italy,8.611,17.6811
2016,Italy,8.16,16.33775
2017,Italy,8.251,16.4971
1990,Japan,6.468999999999999,14.29909
1995,Japan,6.692,14.17813
2000,Japan,6.529999999999999,14.41739
2005,Japan,6.689,14.51624
2010,Japan,6.901,14.40937
2011,Japan,6.995,14.36904
2012,Japan,6.664999999999999,13.36078
2013,Japan,6.712,13.55745
2014,Japan,6.4510000000000005,12.77393
2015,Japan,6.414,12.88608
2016,Japan,6.145,11.79464
2017,Japan,6.245,11.86181
1990,Luxembourg,10.684000000000001,13.66016
1995,Luxembourg,9.458,12.92018
2000,Luxembourg,8.236,12.44219
2005,Luxembourg,7.645,12.2481
2010,Luxembourg,6.883,12.79199
2011,Luxembourg,6.707,12.58926
2012,Luxembourg,6.372999999999999,11.63394
2013,Luxembourg,6.232,11.45083
2014,Luxembourg,5.997,10.67315
2015,Luxembourg,6.077,10.87678
2016,Luxembourg,5.859999999999999,10.16439
2017,Luxembourg,5.948,10.17904
1990,Honduras,2.832,26.88935
1995,Honduras,2.903,27.27068
2000,Honduras,2.792,27.53127
2005,Honduras,2.931,28.22997
2010,Honduras,2.883,27.59931
2011,Honduras,3.1100000000000003,29.61501
2012,Honduras,3.012,27.62052
2013,Honduras,3.112,27.92041
2014,Honduras,2.801,23.80505
2015,Honduras,2.808,22.93926
2016,Honduras,2.758,21.26648
2017,Honduras,2.801,21.08948
1990,Jamaica,3.356,15.21366
1995,Jamaica,4.477,15.23596
2000,Jamaica,5.469,17.04991
2005,Jamaica,5.277,17.11587
2010,Jamaica,6.356,17.15154
2011,Jamaica,6.567,17.55458
2012,Jamaica,6.719,16.53094
2013,Jamaica,7.213,15.98303
2014,Jamaica,7.34,15.00821
2015,Jamaica,7.553000000000001,15.01466
2016,Jamaica,7.672000000000001,14.14179
2017,Jamaica,7.82,14.14669
1990,Jordan,11.605,33.62804
1995,Jordan,9.94,33.35035
2000,Jordan,9.232,33.19724
2005,Jordan,8.389,32.23878
2010,Jordan,7.1739999999999995,33.22224
2011,Jordan,6.948,32.54191
2012,Jordan,6.784000000000001,32.42715
2013,Jordan,6.725,33.13353
2014,Jordan,6.795,32.78309
2015,Jordan,6.919,33.41103
2016,Jordan,7.007999999999999,32.61449
2017,Jordan,7.205,32.75142
1990,Kazakhstan,9.403,16.86033
1995,Kazakhstan,11.893,15.9929
2000,Kazakhstan,11.679,15.51696
2005,Kazakhstan,11.847000000000001,15.52287
2010,Kazakhstan,10.125,16.1847
2011,Kazakhstan,9.801,16.52829
2012,Kazakhstan,9.15,15.7618
2013,Kazakhstan,8.858,15.53723
2014,Kazakhstan,8.186,14.18254
2015,Kazakhstan,8.401,14.60908
2016,Kazakhstan,8.026,13.96735
2017,Kazakhstan,8.349,13.96957
1990,Kenya,5.478,28.59553
1995,Kenya,5.3580000000000005,28.4841
2000,Kenya,4.993,28.25798
2005,Kenya,4.444,27.39153
2010,Kenya,4.4190000000000005,28.02632
2011,Kenya,4.418,28.59419
2012,Kenya,4.389,29.15932
2013,Kenya,4.255,28.76373
2014,Kenya,4.151999999999999,28.83454
2015,Kenya,3.9859999999999998,28.23844
2016,Kenya,3.9850000000000003,28.30925
2017,Kenya,4.023,28.26605
1990,Lebanon,17.560000000000002,32.30809
1995,Lebanon,15.753,31.93004
2000,Lebanon,15.135,31.16934
2005,Lebanon,13.936,30.76308
2010,Lebanon,14.547,31.40688
2011,Lebanon,14.02,30.63292
2012,Lebanon,13.553999999999998,30.6295
2013,Lebanon,13.258,31.23587
2014,Lebanon,12.924,31.24514
2015,Lebanon,12.808,31.64924
2016,Lebanon,12.74,30.98635
2017,Lebanon,13.007000000000001,31.1494
1990,Lesotho,8.113,31.32496
1995,Lesotho,7.965,31.64339
2000,Lesotho,9.011,31.52358
2005,Lesotho,9.509,30.61213
2010,Lesotho,9.837,32.63637
2011,Lesotho,9.724,31.67694
2012,Lesotho,9.678,31.46535
2013,Lesotho,9.854,32.06479
2014,Lesotho,10.086,33.38049
2015,Lesotho,9.539,31.14441
2016,Lesotho,8.757,28.4775
2017,Lesotho,8.549,28.14714
1990,Liberia,4.747,17.75037
1995,Liberia,3.9379999999999997,17.63758
2000,Liberia,3.035,16.8773
2005,Liberia,2.091,15.81926
2010,Liberia,1.701,14.80432
2011,Liberia,1.823,16.01825
2012,Liberia,1.911,16.41993
2013,Liberia,1.79,15.25652
2014,Liberia,1.646,14.85123
2015,Liberia,1.9289999999999998,18.12124
2016,Liberia,1.8459999999999999,17.56124
2017,Liberia,1.7850000000000001,17.66819
1990,Libya,9.379999999999999,46.55157
1995,Libya,8.794,45.92887
2000,Libya,9.457,45.31487
2005,Libya,10.097999999999999,47.26442
2010,Libya,11.651,50.31
2011,Libya,11.832,44.79314
2012,Libya,12.135000000000002,44.4165
2013,Libya,12.963000000000001,48.92425
2014,Libya,13.456,47.76794
2015,Libya,14.168,49.76922
2016,Libya,14.749,53.13918
2017,Libya,15.245999999999999,53.27054
1990,Lithuania,14.724,16.3171
1995,Lithuania,16.630000000000003,15.00356
2000,Lithuania,13.486,14.55198
2005,Lithuania,15.804,14.53255
2010,Lithuania,15.300999999999998,14.97421
2011,Lithuania,15.050999999999998,14.54603
2012,Lithuania,14.661999999999999,13.7674
2013,Lithuania,14.465,13.01484
2014,Lithuania,13.959,12.85851
2015,Lithuania,13.966999999999999,12.49352
2016,Lithuania,13.668,11.93642
2017,Lithuania,13.678,11.90224
1990,Mexico,6.109,23.869
1995,Mexico,6.366,24.58764
2000,Mexico,6.4399999999999995,27.42368
2005,Mexico,6.715999999999999,27.47616
2010,Mexico,7.24,26.75453
2011,Mexico,7.446999999999999,28.21291
2012,Mexico,7.380000000000001,26.4369
2013,Mexico,7.483,25.79244
2014,Mexico,7.388999999999999,23.60891
2015,Mexico,7.359,22.58937
2016,Mexico,7.4190000000000005,21.25683
2017,Mexico,7.656000000000001,21.23615
1990,Kiribati,3.239,11.1604
1995,Kiribati,3.322,11.1612
2000,Kiribati,3.7110000000000003,13.8842
2005,Kiribati,3.909,13.9384
2010,Kiribati,3.979,14.0679
2011,Kiribati,4.08,14.3832
2012,Kiribati,3.865,13.3012
2013,Kiribati,3.825,13.0227
2014,Kiribati,3.5909999999999997,12.1364
2015,Kiribati,3.633,11.914
2016,Kiribati,3.387,11.3178
2017,Kiribati,3.467,11.3511
1990,Kuwait,6.752,62.82934
1995,Kuwait,8.888,62.47692
2000,Kuwait,8.337,61.28498
2005,Kuwait,8.828,58.65253
2010,Kuwait,8.111,62.24197
2011,Kuwait,7.734,62.3786
2012,Kuwait,7.694,63.6801
2013,Kuwait,7.5760000000000005,62.0101
2014,Kuwait,7.296,55.44868
2015,Kuwait,7.633,64.36511
2016,Kuwait,7.667,60.61218
2017,Kuwait,7.944,60.44517
1990,Kyrgyzstan,15.46,27.6157
1995,Kyrgyzstan,14.352999999999998,26.70683
2000,Kyrgyzstan,11.947,26.8069
2005,Kyrgyzstan,10.926,26.62692
2010,Kyrgyzstan,9.242,26.85727
2011,Kyrgyzstan,9.034,27.62501
2012,Kyrgyzstan,8.424,25.63591
2013,Kyrgyzstan,8.264,25.54507
2014,Kyrgyzstan,7.599,23.65541
2015,Kyrgyzstan,7.585,24.41917
2016,Kyrgyzstan,7.0969999999999995,22.84853
2017,Kyrgyzstan,7.041,22.93337
1990,Lao People's Democratic Republic,12.809000000000001,27.20397
1995,Lao People's Democratic Republic,11.669,27.44958
2000,Lao People's Democratic Republic,10.628,28.38964
2005,Lao People's Democratic Republic,10.42,30.8789
2010,Lao People's Democratic Republic,9.536,32.0168
2011,Lao People's Democratic Republic,8.761,30.6099
2012,Lao People's Democratic Republic,8.777000000000001,30.92764
2013,Lao People's Democratic Republic,8.613,30.71191
2014,Lao People's Democratic Republic,8.020999999999999,29.13702
2015,Lao People's Democratic Republic,7.3759999999999994,26.48857
2016,Lao People's Democratic Republic,7.203,25.5777
2017,Lao People's Democratic Republic,6.86,25.69418
1990,North Macedonia,11.551,44.83852
1995,North Macedonia,12.017,42.21598
2000,North Macedonia,12.071,40.47037
2005,North Macedonia,13.41,39.09995
2010,North Macedonia,14.122,37.75223
2011,North Macedonia,14.756,41.73443
2012,North Macedonia,14.309000000000001,38.17382
2013,North Macedonia,13.616,35.49864
2014,North Macedonia,13.692,35.28857
2015,North Macedonia,14.538,35.27618
2016,North Macedonia,14.425,32.71038
2017,North Macedonia,14.616,32.98315
1990,Madagascar,5.9030000000000005,22.38496
1995,Madagascar,5.663,22.31436
2000,Madagascar,4.718,22.1251
2005,Madagascar,4.344,23.08144
2010,Madagascar,4.071,22.9041
2011,Madagascar,4.1579999999999995,23.33351
2012,Madagascar,3.933,22.70215
2013,Madagascar,4.054,23.9083
2014,Madagascar,4.038,23.36211
2015,Madagascar,3.8979999999999997,22.97148
2016,Madagascar,3.8499999999999996,22.36961
2017,Madagascar,3.768,22.39592
1990,Malawi,4.884,26.68048
1995,Malawi,4.981,26.46705
2000,Malawi,4.418,26.44238
2005,Malawi,3.255,25.22705
2010,Malawi,2.928,25.17061
2011,Malawi,2.8200000000000003,25.42368
2012,Malawi,2.859,26.14902
2013,Malawi,2.682,25.02918
2014,Malawi,2.6109999999999998,25.32459
2015,Malawi,2.536,24.41097
2016,Malawi,2.375,23.65166
2017,Malawi,2.332,23.50127
1990,Malaysia,5.905,16.87235
1995,Malaysia,7.018,17.0698
2000,Malaysia,8.102,18.03328
2005,Malaysia,8.791,19.44459
2010,Malaysia,9.383,18.9064
2011,Malaysia,9.386,19.45979
2012,Malaysia,9.502,19.48897
2013,Malaysia,9.143,17.59742
2014,Malaysia,9.31,17.10049
2015,Malaysia,9.716,17.50042
2016,Malaysia,9.335,15.95516
2017,Malaysia,9.597,16.03565
1990,Mauritania,11.768999999999998,50.24592
1995,Mauritania,9.716,49.98789
2000,Mauritania,8.878,48.66013
2005,Mauritania,6.8919999999999995,41.33894
2010,Mauritania,5.849,39.72053
2011,Mauritania,5.763,40.72392
2012,Mauritania,5.907,41.87991
2013,Mauritania,5.513,39.72192
2014,Mauritania,5.657,42.52832
2015,Mauritania,6.007,49.91528
2016,Mauritania,5.712,45.9216
2017,Mauritania,5.679,47.0745
1990,Mauritius,8.619,15.93441
1995,Mauritius,10.118,15.924620000000001
2000,Mauritius,11.286999999999999,15.70997
2005,Mauritius,13.027,15.91061
2010,Mauritius,14.204999999999998,15.63458
2011,Mauritius,14.378,15.55753
2012,Mauritius,14.809999999999999,15.65065
2013,Mauritius,14.940000000000001,15.8762
2014,Mauritius,15.385000000000002,15.72334
2015,Mauritius,15.292000000000002,14.86748
2016,Mauritius,15.544,14.83558
2017,Mauritius,15.914,14.8634
1990,Micronesia,4.8420000000000005,12.1539
1995,Micronesia,4.696,12.1843
2000,Micronesia,5.055,13.7324
2005,Micronesia,5.719,13.7413
2010,Micronesia,6.656,13.6775
2011,Micronesia,6.881,13.6691
2012,Micronesia,6.803,12.859
2013,Micronesia,6.914999999999999,12.728
2014,Micronesia,6.727,11.9025
2015,Micronesia,6.845000000000001,11.8569
2016,Micronesia,6.765000000000001,11.0266
2017,Micronesia,7.026,11.1414
1990,Moldova,11.158999999999999,22.90605
1995,Moldova,13.099,20.95937
2000,Moldova,11.265,19.88338
2005,Moldova,13.738,19.38335
2010,Moldova,15.305,19.59549
2011,Moldova,14.727,20.27335
2012,Moldova,13.853,18.86162
2013,Moldova,13.266,17.78375
2014,Moldova,13.433,17.01331
2015,Moldova,13.988,17.35586
2016,Moldova,13.306999999999999,16.56759
2017,Moldova,13.13,16.57612
1990,Mongolia,23.326999999999998,37.34036
1995,Mongolia,18.869,36.40016
2000,Mongolia,15.769000000000002,41.73817
2005,Mongolia,13.765999999999998,41.60434
2010,Mongolia,13.239,49.655
2011,Mongolia,13.207999999999998,51.38437
2012,Mongolia,12.504999999999999,48.4056
2013,Mongolia,12.25,46.83023
2014,Mongolia,11.555,43.89997
2015,Mongolia,11.855,46.27494
2016,Mongolia,11.025,42.83627
2017,Mongolia,11.541,43.17646
1990,Morocco,16.262,31.09854
1995,Morocco,15.787,30.98883
2000,Morocco,14.696,30.70875
2005,Morocco,14.119,30.73572
2010,Morocco,14.085,29.56647
2011,Morocco,14.099,28.73179
2012,Morocco,13.82,28.17719
2013,Morocco,14.148,29.39532
2014,Morocco,14.324,29.89208
2015,Morocco,14.599,32.23189
2016,Morocco,14.911000000000001,32.5327
2017,Morocco,14.917,32.68699
1990,New Zealand,5.833,6.88627
1995,New Zealand,5.385999999999999,6.90134
2000,New Zealand,4.59,7.29552
2005,New Zealand,3.922,7.25624
2010,New Zealand,3.678,7.25277
2011,New Zealand,3.835,7.51619
2012,New Zealand,3.431,6.94628
2013,New Zealand,3.374,6.79092
2014,New Zealand,3.089,6.43724
2015,New Zealand,3.091,6.39736
2016,New Zealand,2.892,6.02967
2017,New Zealand,2.924,5.99181
1990,Norway,8.208,8.84988
1995,Norway,7.323,8.61613
2000,Norway,6.579000000000001,8.80463
2005,Norway,5.619,8.46667
2010,Norway,5.2379999999999995,8.49182
2011,Norway,5.495,8.99417
2012,Norway,4.746,8.04647
2013,Norway,4.545999999999999,7.74089
2014,Norway,4.386,7.78325
2015,Norway,3.9829999999999997,7.33184
2016,Norway,3.7670000000000003,7.05621
2017,Norway,3.7880000000000003,7.0458
1990,Latvia,15.649,20.44904
1995,Latvia,19.899,18.73905
2000,Latvia,15.721,17.688110000000002
2005,Latvia,17.384999999999998,17.75161
2010,Latvia,16.266,17.91547
2011,Latvia,15.492,17.35451
2012,Latvia,14.903,16.37997
2013,Latvia,14.674,15.5543
2014,Latvia,14.387,15.70783
2015,Latvia,13.765,14.68759
2016,Latvia,13.631,14.23517
2017,Latvia,13.745999999999999,14.10963
1990,Maldives,2.073,6.60751
1995,Maldives,2.099,6.60483
2000,Maldives,2.206,10.01915
2005,Maldives,2.419,10.16863
2010,Maldives,2.638,10.42457
2011,Maldives,2.765,10.61305
2012,Maldives,2.698,10.10943
2013,Maldives,2.69,9.5958
2014,Maldives,2.682,8.97049
2015,Maldives,2.712,8.47025
2016,Maldives,2.489,7.7308
2017,Maldives,2.598,7.67
1990,Mali,6.269,40.96421
1995,Mali,5.401999999999999,40.70034
2000,Mali,4.949999999999999,39.94619
2005,Mali,4.087,36.36214
2010,Mali,3.8529999999999998,36.0441
2011,Mali,3.597,35.99265
2012,Mali,3.483,36.40619
2013,Mali,3.304,31.91892
2014,Mali,3.4320000000000004,33.77617
2015,Mali,4.264,42.41006
2016,Mali,4.195,39.22596
2017,Mali,4.197,39.4566
1990,Malta,10.664,16.40528
1995,Malta,9.972,16.20871
2000,Malta,10.024000000000001,16.44453
2005,Malta,10.117,16.00136
2010,Malta,10.234,16.37202
2011,Malta,10.212,16.51354
2012,Malta,9.96,15.33274
2013,Malta,9.92,15.12213
2014,Malta,9.796,14.36071
2015,Malta,10.117,14.65287
2016,Malta,10.205,13.71946
2017,Malta,10.501000000000001,13.81512
1990,Mozambique,4.648,23.1484
1995,Mozambique,3.5540000000000003,22.94118
2000,Mozambique,2.982,22.82723
2005,Mozambique,2.509,22.70332
2010,Mozambique,2.572,22.82084
2011,Mozambique,2.399,22.73316
2012,Mozambique,2.432,22.98119
2013,Mozambique,2.361,22.82315
2014,Mozambique,2.355,22.6213
2015,Mozambique,2.308,21.90793
2016,Mozambique,2.245,21.38332
2017,Mozambique,2.213,21.30045
1990,Myanmar,11.98,37.28878
1995,Myanmar,11.494,37.45148
2000,Myanmar,10.796,40.44901
2005,Myanmar,11.147,43.25809
2010,Myanmar,10.144,44.09109
2011,Myanmar,9.905000000000001,44.00993
2012,Myanmar,9.645,42.83185
2013,Myanmar,9.659,43.62311
2014,Myanmar,9.217,40.91821
2015,Myanmar,8.938,39.04356
2016,Myanmar,8.551,36.29905
2017,Myanmar,8.486,36.39681
1990,Nicaragua,2.904,22.487
1995,Nicaragua,2.436,22.78652
2000,Nicaragua,2.513,23.55729
2005,Nicaragua,2.683,23.82819
2010,Nicaragua,2.7220000000000004,22.72482
2011,Nicaragua,2.7809999999999997,23.40022
2012,Nicaragua,2.849,22.99258
2013,Nicaragua,2.894,22.37359
2014,Nicaragua,2.7279999999999998,19.95491
2015,Nicaragua,2.627,18.96647
2016,Nicaragua,2.528,17.95188
2017,Nicaragua,2.569,17.93724
1990,Niger,21.831000000000003,88.22949
1995,Niger,18.631999999999998,87.36085
2000,Niger,14.628,87.45031
2005,Niger,10.207,74.6421
2010,Niger,7.307,71.87473
2011,Niger,7.445,74.27868
2012,Niger,7.371,71.36523
2013,Niger,6.609999999999999,61.83236
2014,Niger,6.348,60.49306
2015,Niger,8.33,91.30798
2016,Niger,8.277000000000001,94.05583
2017,Niger,8.399000000000001,94.11647
1990,Nigeria,24.655,71.65045
1995,Nigeria,23.948,70.24402
2000,Nigeria,23.003,68.79839
2005,Nigeria,18.671999999999997,59.1931
2010,Nigeria,16.164,53.35492
2011,Nigeria,15.386000000000001,52.82125
2012,Nigeria,16.031,55.81636
2013,Nigeria,14.504,49.55559
2014,Nigeria,14.370999999999999,49.1655
2015,Nigeria,17.735,73.74509
2016,Nigeria,17.347,69.11995
2017,Nigeria,16.703,70.1165
1990,Northern Mariana Islands,4.166,11.4514
1995,Northern Mariana Islands,3.491,11.449
2000,Northern Mariana Islands,4.492,14.5029
2005,Northern Mariana Islands,5.098,13.9963
2010,Northern Mariana Islands,6.74,13.9998
2011,Northern Mariana Islands,7.022,14.3004
2012,Northern Mariana Islands,6.827999999999999,13.4112
2013,Northern Mariana Islands,6.632,12.8419
2014,Northern Mariana Islands,6.413,12.0594
2015,Northern Mariana Islands,6.606,12.5765
2016,Northern Mariana Islands,6.555,11.7329
2017,Northern Mariana Islands,6.712,11.7043
1990,Oman,8.385,40.71102
1995,Oman,7.148999999999999,40.5728
2000,Oman,7.138,40.09829
2005,Oman,6.771000000000001,39.59473
2010,Oman,6.6819999999999995,38.64392
2011,Oman,7.375,39.3796
2012,Oman,7.901999999999999,40.38739
2013,Oman,7.714,40.12275
2014,Oman,7.283,38.4302
2015,Oman,7.436,42.70672
2016,Oman,7.346,41.28791
2017,Oman,7.248,41.69611
1990,Pakistan,11.681000000000001,62.07386
1995,Pakistan,11.767,62.30416
2000,Pakistan,11.846,63.35263
2005,Pakistan,12.347000000000001,64.2634
2010,Pakistan,13.277000000000001,68.93528
2011,Pakistan,13.357,68.92924
2012,Pakistan,12.58,63.65001
2013,Pakistan,12.448,62.42097
2014,Pakistan,12.519,60.15425
2015,Pakistan,12.362,61.80385
2016,Pakistan,12.219,60.01373
2017,Pakistan,12.153,60.31662
1990,Puerto Rico,6.559,8.51113
1995,Puerto Rico,7.184,8.50466
2000,Puerto Rico,8.558,11.27651
2005,Puerto Rico,9.088000000000001,11.24063
2010,Puerto Rico,8.925,11.1919
2011,Puerto Rico,9.272,11.41268
2012,Puerto Rico,8.596,10.74986
2013,Puerto Rico,8.439,10.46247
2014,Puerto Rico,7.926,9.79606
2015,Puerto Rico,7.67,9.61904
2016,Puerto Rico,7.568999999999999,8.99648
2017,Puerto Rico,7.815,9.00277
1990,Qatar,9.216999999999999,97.6778
1995,Qatar,10.548,97.009
2000,Qatar,9.779,94.62945
2005,Qatar,8.203,96.15747
2010,Qatar,6.425000000000001,82.94029
2011,Qatar,6.295,80.83203
2012,Qatar,6.325,88.27248
2013,Qatar,6.263999999999999,87.66884
2014,Qatar,6.1080000000000005,77.95279
2015,Qatar,6.311,94.29563
2016,Qatar,6.35,88.48819
2017,Qatar,6.637,89.72286
1990,Netherlands,10.661,16.31691
1995,Netherlands,10.301,15.43127
2000,Netherlands,10.129000000000001,14.92449
2005,Netherlands,9.039,14.60716
2010,Netherlands,8.609,15.07256
2011,Netherlands,8.486,15.00012
2012,Netherlands,8.142,13.78164
2013,Netherlands,7.802,13.04299
2014,Netherlands,7.593999999999999,12.73891
2015,Netherlands,7.724,12.87384
2016,Netherlands,7.494,12.07439
2017,Netherlands,7.5809999999999995,12.086
1990,Poland,15.78,30.4885
1995,Poland,15.16,27.59469
2000,Poland,14.024000000000001,25.92949
2005,Poland,13.941,26.00973
2010,Poland,14.322000000000001,27.10558
2011,Poland,14.138000000000002,26.15214
2012,Poland,13.769,24.29708
2013,Poland,13.312,23.22225
2014,Poland,12.823999999999998,22.17074
2015,Poland,13.280000000000001,22.69148
2016,Poland,12.767,20.93642
2017,Poland,12.741,20.94327
1990,Portugal,7.194000000000001,10.03976
1995,Portugal,8.081,9.98352
2000,Portugal,8.53,10.11433
2005,Portugal,8.36,10.35064
2010,Portugal,8.125,10.05313
2011,Portugal,8.215,10.35092
2012,Portugal,7.754,9.41093
2013,Portugal,7.72,9.33048
2014,Portugal,7.279,8.7697
2015,Portugal,7.256,8.8526
2016,Portugal,6.865,8.07712
2017,Portugal,7.137,8.12088
1990,Marshall Islands,4.372,11.1234
1995,Marshall Islands,4.9719999999999995,11.1203
2000,Marshall Islands,5.816,13.1764
2005,Marshall Islands,7.004,13.1943
2010,Marshall Islands,8.107,13.374
2011,Marshall Islands,8.346,13.4445
2012,Marshall Islands,8.15,12.6189
2013,Marshall Islands,8.272,12.4592
2014,Marshall Islands,8.049,11.6088
2015,Marshall Islands,8.213,11.3679
2016,Marshall Islands,7.981,10.6496
2017,Marshall Islands,8.358,10.7257
1990,Namibia,6.859,28.78275
1995,Namibia,6.249,28.33615
2000,Namibia,6.855,27.56505
2005,Namibia,6.683,27.57008
2010,Namibia,6.196,27.04992
2011,Namibia,5.991,27.10639
2012,Namibia,5.861000000000001,26.69217
2013,Namibia,5.977,27.0244
2014,Namibia,5.739,26.19398
2015,Namibia,5.887,26.44961
2016,Namibia,5.711,25.48496
2017,Namibia,5.7010000000000005,25.48976
1990,Nepal,19.183,80.1464
1995,Nepal,16.217,80.76123
2000,Nepal,13.405000000000001,90.32223
2005,Nepal,12.337,91.13731
2010,Nepal,12.652999999999999,103.08176
2011,Nepal,12.608,102.07172
2012,Nepal,12.363,98.70473
2013,Nepal,12.437999999999999,98.69105
2014,Nepal,12.783000000000001,98.24372
2015,Nepal,12.762,97.76313
2016,Nepal,13.015,99.18209
2017,Nepal,13.235,99.88675
1990,Panama,2.152,13.1765
1995,Panama,2.508,13.22536
2000,Panama,2.842,14.30167
2005,Panama,3.299,14.18063
2010,Panama,3.887,14.10429
2011,Panama,4.0809999999999995,14.33804
2012,Panama,4.17,14.03887
2013,Panama,4.162,13.44353
2014,Panama,4.125,12.92053
2015,Panama,4.029,12.48661
2016,Panama,3.839,11.48191
2017,Panama,3.872,11.45814
1990,Philippines,9.425,20.42172
1995,Philippines,7.829,20.52055
2000,Philippines,7.241,22.31534
2005,Philippines,7.258,22.75892
2010,Philippines,7.907,23.26161
2011,Philippines,7.777,22.7429
2012,Philippines,7.921,22.39812
2013,Philippines,7.643,21.14424
2014,Philippines,7.461,20.20149
2015,Philippines,7.407,19.47157
2016,Philippines,7.013,18.18781
2017,Philippines,6.94,18.17468
1990,Romania,12.084,20.30069
1995,Romania,13.326999999999998,18.48513
2000,Romania,12.847,17.90637
2005,Romania,13.228000000000002,17.38993
2010,Romania,13.667,17.37133
2011,Romania,13.33,18.13114
2012,Romania,12.86,16.57771
2013,Romania,12.335,15.76074
2014,Romania,12.393,15.15668
2015,Romania,12.663,15.49321
2016,Romania,12.332,14.64014
2017,Romania,12.504000000000001,14.6146
1990,Russia,17.721,20.55685
1995,Russia,23.854,19.10369
2000,Russia,23.621,19.06392
2005,Russia,25.908,18.92778
2010,Russia,20.923000000000002,19.49925
2011,Russia,19.275,19.21395
2012,Russia,18.193,18.30486
2013,Russia,17.421,17.77876
2014,Russia,16.836,16.50795
2015,Russia,16.591,16.85602
2016,Russia,15.850999999999999,16.18702
2017,Russia,15.681000000000001,16.17072
1990,Rwanda,10.796,44.186
1995,Rwanda,13.260000000000002,44.10913
2000,Rwanda,11.068999999999999,43.85015
2005,Rwanda,7.227,41.75593
2010,Rwanda,4.897,41.13743
2011,Rwanda,4.813,41.72522
2012,Rwanda,4.797000000000001,45.27451
2013,Rwanda,4.644,43.92714
2014,Rwanda,4.487,42.88814
2015,Rwanda,4.4830000000000005,42.087
2016,Rwanda,4.399,43.37948
2017,Rwanda,4.3790000000000004,43.27236
1990,Sao Tome and Principe,6.193,36.74455
1995,Sao Tome and Principe,6.154,36.52464
2000,Sao Tome and Principe,5.941,30.20105
2005,Sao Tome and Principe,4.914,28.88345
2010,Sao Tome and Principe,4.646,26.6208
2011,Sao Tome and Principe,4.806,27.43697
2012,Sao Tome and Principe,4.702999999999999,25.74278
2013,Sao Tome and Principe,4.981,27.13317
2014,Sao Tome and Principe,4.961,27.36204
2015,Sao Tome and Principe,5.04,27.96518
2016,Sao Tome and Principe,5.057,28.39116
2017,Sao Tome and Principe,5.067,28.38286
1990,Saudi Arabia,7.429,84.39976
1995,Saudi Arabia,7.386,83.7473
2000,Saudi Arabia,7.645,83.43883
2005,Saudi Arabia,8.306,81.50582
2010,Saudi Arabia,9.146,87.28471
2011,Saudi Arabia,9.224,86.88459
2012,Saudi Arabia,9.244,91.45793
2013,Saudi Arabia,9.218,89.52731
2014,Saudi Arabia,9.031,79.90519
2015,Saudi Arabia,9.565,103.19324
2016,Saudi Arabia,9.356,89.9967
2017,Saudi Arabia,9.568999999999999,92.36789
1990,Senegal,7.396000000000001,42.75617
1995,Senegal,7.4670000000000005,42.56153
2000,Senegal,7.422000000000001,41.6103
2005,Senegal,6.061999999999999,35.73853
2010,Senegal,4.628,34.80469
2011,Senegal,4.5280000000000005,34.76777
2012,Senegal,4.376,36.39903
2013,Senegal,3.998,34.905
2014,Senegal,4.234,37.38109
2015,Senegal,4.81,44.35833
2016,Senegal,4.212,39.32887
2017,Senegal,4.3020000000000005,40.68125
1990,Seychelles,8.528,24.07481
1995,Seychelles,9.698,24.05234
2000,Seychelles,10.252,21.86951
2005,Seychelles,10.169,21.93963
2010,Seychelles,10.433,21.28722
2011,Seychelles,10.75,21.77414
2012,Seychelles,10.954,21.68445
2013,Seychelles,11.004000000000001,21.14644
2014,Seychelles,11.265,21.15685
2015,Seychelles,11.241,20.27043
2016,Seychelles,11.638,20.57269
2017,Seychelles,11.803,20.41034
1990,Sierra Leone,6.334,21.04449
1995,Sierra Leone,5.41,20.96086
2000,Sierra Leone,5.336,20.26591
2005,Sierra Leone,4.582,18.96209
2010,Sierra Leone,4.029999999999999,18.23262
2011,Sierra Leone,4.006,19.17732
2012,Sierra Leone,4.236,19.92648
2013,Sierra Leone,3.928,18.11009
2014,Sierra Leone,3.7889999999999997,17.96109
2015,Sierra Leone,4.593,22.09809
2016,Sierra Leone,4.207,21.35094
2017,Sierra Leone,4.209,21.44909
1990,Solomon Islands,3.256,12.812
1995,Solomon Islands,3.186,12.861
2000,Solomon Islands,3.553,13.815
2005,Solomon Islands,3.505,14.1541
2010,Solomon Islands,3.51,13.9031
2011,Solomon Islands,3.585,14.2441
2012,Solomon Islands,3.348,13.3019
2013,Solomon Islands,3.183,12.5158
2014,Solomon Islands,3.15,12.1638
2015,Solomon Islands,3.3160000000000003,12.4396
2016,Solomon Islands,3.1479999999999997,11.8687
2017,Solomon Islands,3.191,11.565
1990,South Africa,10.603,26.06755
1995,South Africa,10.33,26.19402
2000,South Africa,13.309000000000001,26.43613
2005,South Africa,13.672,25.93705
2010,South Africa,12.581,27.03477
2011,South Africa,11.879000000000001,26.65404
2012,South Africa,11.55,26.5305
2013,South Africa,11.363,26.60529
2014,South Africa,11.341000000000001,26.53191
2015,South Africa,11.269,25.8681
2016,South Africa,11.076,24.99192
2017,South Africa,10.888,24.95864
1990,Sweden,7.487,7.64947
1995,Sweden,6.574,7.35937
2000,Sweden,6.205,7.56419
2005,Sweden,5.429,7.12927
2010,Sweden,5.073,7.21877
2011,Sweden,5.182,7.45307
2012,Sweden,4.436,6.61322
2013,Sweden,4.199,6.4197
2014,Sweden,4.649,6.90825
2015,Sweden,4.0009999999999994,6.28585
2016,Sweden,3.7779999999999996,6.11175
2017,Sweden,3.87,6.13443
1990,Papua New Guinea,4.461,14.47856
1995,Papua New Guinea,4.226,14.50048
2000,Papua New Guinea,4.619,14.97749
2005,Papua New Guinea,4.984,14.66766
2010,Papua New Guinea,5.527,15.01703
2011,Papua New Guinea,5.765000000000001,15.42227
2012,Papua New Guinea,5.559,15.09055
2013,Papua New Guinea,5.390000000000001,14.09513
2014,Papua New Guinea,5.266,13.19149
2015,Papua New Guinea,5.3260000000000005,13.24193
2016,Papua New Guinea,5.203,12.65418
2017,Papua New Guinea,5.144,12.41087
1990,Paraguay,2.036,14.27238
1995,Paraguay,2.2969999999999997,14.36471
2000,Paraguay,2.3280000000000003,14.36593
2005,Paraguay,2.69,15.16004
2010,Paraguay,3.003,15.18684
2011,Paraguay,2.9459999999999997,14.92917
2012,Paraguay,2.867,14.20825
2013,Paraguay,2.835,13.26181
2014,Paraguay,2.826,12.8652
2015,Paraguay,2.956,13.28752
2016,Paraguay,2.803,12.00089
2017,Paraguay,2.968,12.04507
1990,Peru,8.888,27.66693
1995,Peru,7.091,29.03369
2000,Peru,5.585,31.75366
2005,Peru,5.5120000000000005,32.83602
2010,Peru,5.8309999999999995,33.42948
2011,Peru,5.7989999999999995,33.43745
2012,Peru,5.59,31.74394
2013,Peru,5.4559999999999995,31.04621
2014,Peru,5.093999999999999,28.84272
2015,Peru,4.806,27.02309
2016,Peru,4.805,26.10735
2017,Peru,4.724,26.03583
1990,Saint Lucia,5.4079999999999995,24.04138
1995,Saint Lucia,6.448,24.10661
2000,Saint Lucia,6.993,26.58323
2005,Saint Lucia,8.183,26.75773
2010,Saint Lucia,8.86,26.92241
2011,Saint Lucia,9.163,27.601680000000002
2012,Saint Lucia,9.183,25.8144
2013,Saint Lucia,9.275,25.07878
2014,Saint Lucia,9.453,23.69462
2015,Saint Lucia,9.847000000000001,23.58774
2016,Saint Lucia,9.878,22.30288
2017,Saint Lucia,10.267,22.30962
1990,Saint Vincent and the Grenadines,3.861,21.31616
1995,Saint Vincent and the Grenadines,4.964,21.33611
2000,Saint Vincent and the Grenadines,6.593999999999999,27.48273
2005,Saint Vincent and the Grenadines,8.528,27.57996
2010,Saint Vincent and the Grenadines,10.359,27.575
2011,Saint Vincent and the Grenadines,11.131,28.26556
2012,Saint Vincent and the Grenadines,11.384,26.41447
2013,Saint Vincent and the Grenadines,11.690999999999999,25.64478
2014,Saint Vincent and the Grenadines,11.729,24.19971
2015,Saint Vincent and the Grenadines,12.216999999999999,24.08943
2016,Saint Vincent and the Grenadines,12.258,22.76232
2017,Saint Vincent and the Grenadines,12.655000000000001,22.75627
1990,Singapore,8.527999999999999,17.87501
1995,Singapore,8.106,18.04958
2000,Singapore,7.257,19.73219
2005,Singapore,6.868,21.22971
2010,Singapore,6.1209999999999996,21.33424
2011,Singapore,5.923,20.09103
2012,Singapore,6.037,21.57594
2013,Singapore,5.671,19.47364
2014,Singapore,5.409,18.06684
2015,Singapore,5.775,21.40188
2016,Singapore,5.459,19.42885
2017,Singapore,5.534000000000001,19.72147
1990,Slovenia,9.862,21.3799
1995,Slovenia,10.693,20.15176
2000,Slovenia,10.383,19.61586
2005,Slovenia,9.799,19.86211
2010,Slovenia,8.902,19.014
2011,Slovenia,8.968,19.86508
2012,Slovenia,8.652000000000001,17.99879
2013,Slovenia,8.58,17.82317
2014,Slovenia,8.059000000000001,17.02368
2015,Slovenia,8.437,17.52007
2016,Slovenia,8.15,16.14072
2017,Slovenia,8.296,16.25411
1990,Somalia,6.215999999999999,31.85749
1995,Somalia,7.3759999999999994,31.78662
2000,Somalia,6.811,31.55518
2005,Somalia,5.141,29.77776
2010,Somalia,4.747999999999999,30.12537
2011,Somalia,4.963,30.51263
2012,Somalia,4.832,30.89671
2013,Somalia,4.368,30.14588
2014,Somalia,4.446,30.15917
2015,Somalia,4.42,31.77845
2016,Somalia,4.418,32.2887
2017,Somalia,4.239,32.31047
1990,Suriname,7.198,30.25568
1995,Suriname,7.265000000000001,30.28564
2000,Suriname,8.334,31.06974
2005,Suriname,9.754000000000001,31.24341
2010,Suriname,10.04,31.16722
2011,Suriname,10.440999999999999,32.04772
2012,Suriname,10.17,30.14075
2013,Suriname,10.414,29.12339
2014,Suriname,10.154,27.41519
2015,Suriname,10.589,27.33201
2016,Suriname,10.667000000000002,25.75735
2017,Suriname,10.796,25.75323
1990,Eswatini,4.255,18.61308
1995,Eswatini,4.339,18.59219
2000,Eswatini,5.391,18.41568
2005,Eswatini,6.838,18.27507
2010,Eswatini,7.198,18.41135
2011,Eswatini,6.932,18.08555
2012,Eswatini,6.98,18.03523
2013,Eswatini,6.958,18.26988
2014,Eswatini,6.686999999999999,17.95565
2015,Eswatini,6.5600000000000005,17.83672
2016,Eswatini,6.248,17.20661
2017,Eswatini,6.1129999999999995,17.19315
1990,Tanzania,7.773999999999999,29.47303
1995,Tanzania,6.813000000000001,29.35105
2000,Tanzania,5.726,28.95597
2005,Tanzania,4.695,28.32883
2010,Tanzania,4.181,28.28649
2011,Tanzania,4.172000000000001,28.77032
2012,Tanzania,4.291,29.66925
2013,Tanzania,4.062,29.67957
2014,Tanzania,3.8970000000000002,29.06106
2015,Tanzania,3.828,27.84181
2016,Tanzania,3.7720000000000002,28.41141
2017,Tanzania,3.731,28.336
1990,Thailand,4.922,30.56628
1995,Thailand,6.1080000000000005,30.78688
2000,Thailand,6.675,31.05364
2005,Thailand,7.073,31.76593
2010,Thailand,7.929,31.63713
2011,Thailand,8.222,31.44472
2012,Thailand,8.448,31.67575
2013,Thailand,8.554,31.40971
2014,Thailand,8.634,29.55148
2015,Thailand,8.677999999999999,27.26537
2016,Thailand,9.01,26.26959
2017,Thailand,9.349,26.33683
1990,Togo,6.437,38.69794
1995,Togo,6.093,38.18585
2000,Togo,5.65,37.30774
2005,Togo,4.485,31.18146
2010,Togo,4.166,30.23012
2011,Togo,4.17,30.27138
2012,Togo,4.155,31.00659
2013,Togo,3.827,29.67281
2014,Togo,3.686,28.24706
2015,Togo,4.486,37.72783
2016,Togo,4.294,36.84252
2017,Togo,4.1240000000000006,37.13062
1990,Uganda,5.157,48.00757
1995,Uganda,4.782,47.81329
2000,Uganda,4.616,47.31817
2005,Uganda,4.4879999999999995,45.12179
2010,Uganda,3.7640000000000002,45.05544
2011,Uganda,3.865,46.75428
2012,Uganda,4.015,48.55822
2013,Uganda,3.893,47.78235
2014,Uganda,3.715,47.05847
2015,Uganda,3.643,49.25251
2016,Uganda,3.612,50.43938
2017,Uganda,3.439,50.53365
1990,Korea,9.218,29.51137
1995,Korea,8.001000000000001,29.56229
2000,Korea,8.047,29.85944
2005,Korea,7.9990000000000006,30.39617
2010,Korea,8.224,30.0354
2011,Korea,8.333,29.96
2012,Korea,8.288,28.05809
2013,Korea,8.443,29.30253
2014,Korea,8.228,27.19911
2015,Korea,8.378,28.05651
2016,Korea,8.055,24.99773
2017,Korea,8.199,25.13889
1990,Slovak Republic,18.299,25.47177
1995,Slovak Republic,15.788,23.15847
2000,Slovak Republic,14.689,22.00119
2005,Slovak Republic,14.637,22.26558
2010,Slovak Republic,13.716999999999999,21.99084
2011,Slovak Republic,13.527,22.01619
2012,Slovak Republic,12.703,20.10268
2013,Slovak Republic,12.356000000000002,19.75295
2014,Slovak Republic,11.998999999999999,18.56035
2015,Slovak Republic,12.474,19.16916
2016,Slovak Republic,11.799,17.90478
2017,Slovak Republic,11.916,17.93355
1990,Spain,6.997999999999999,12.0754
1995,Spain,7.239000000000001,11.91163
2000,Spain,7.271,12.11131
2005,Spain,6.739,11.95634
2010,Spain,6.019,11.72598
2011,Spain,6.242999999999999,12.29526
2012,Spain,5.976,11.43863
2013,Spain,5.763,10.98741
2014,Spain,5.554,10.27986
2015,Spain,5.843,10.67482
2016,Spain,5.485,9.89562
2017,Spain,5.477,9.91419
1990,Switzerland,9.339,14.27061
1995,Switzerland,8.254,13.52322
2000,Switzerland,7.3870000000000005,12.98989
2005,Switzerland,6.681,13.02684
2010,Switzerland,6.265000000000001,13.09833
2011,Switzerland,6.145,13.29447
2012,Switzerland,5.932,12.52265
2013,Switzerland,5.781000000000001,12.04835
2014,Switzerland,5.535,11.59223
2015,Switzerland,5.428,11.35572
2016,Switzerland,5.111,10.44713
2017,Switzerland,5.091,10.44407
1990,Samoa,2.99,13.7935
1995,Samoa,3.002,13.7885
2000,Samoa,3.222,14.2486
2005,Samoa,3.339,14.2988
2010,Samoa,3.4939999999999998,14.1502
2011,Samoa,3.614,14.4518
2012,Samoa,3.412,13.4582
2013,Samoa,3.359,13.3367
2014,Samoa,3.245,12.5755
2015,Samoa,3.268,12.2833
2016,Samoa,3.109,11.5938
2017,Samoa,3.2190000000000003,11.7098
1990,Sri Lanka,3.9240000000000004,28.56842
1995,Sri Lanka,4.236,28.66138
2000,Sri Lanka,5.227,30.58494
2005,Sri Lanka,5.598,31.10129
2010,Sri Lanka,6.511,30.79598
2011,Sri Lanka,6.94,31.29746
2012,Sri Lanka,7.015000000000001,29.79453
2013,Sri Lanka,6.9719999999999995,28.93341
2014,Sri Lanka,6.976,27.15613
2015,Sri Lanka,6.902000000000001,25.61748
2016,Sri Lanka,4.405,14.37447
2017,Sri Lanka,3.654,11.34552
1990,Syrian Arab Republic,14.829,43.14871
1995,Syrian Arab Republic,13.047,42.52437
2000,Syrian Arab Republic,10.786,42.47435
2005,Syrian Arab Republic,9.883,40.49603
2010,Syrian Arab Republic,10.241,42.9621
2011,Syrian Arab Republic,10.295,41.60923
2012,Syrian Arab Republic,10.45,41.64679
2013,Syrian Arab Republic,10.781,42.52161
2014,Syrian Arab Republic,11.133,42.00544
2015,Syrian Arab Republic,11.658000000000001,44.9207
2016,Syrian Arab Republic,12.024999999999999,43.96978
2017,Syrian Arab Republic,12.346,44.24641
1990,Tajikistan,23.552,55.77806
1995,Tajikistan,21.557000000000002,53.1523
2000,Tajikistan,15.754999999999999,53.70499
2005,Tajikistan,13.523,52.40102
2010,Tajikistan,14.96,53.20374
2011,Tajikistan,16.069000000000003,57.72223
2012,Tajikistan,15.207,51.94723
2013,Tajikistan,15.692,50.68889
2014,Tajikistan,15.259,48.61762
2015,Tajikistan,15.603000000000002,50.31977
2016,Tajikistan,14.738,46.60331
2017,Tajikistan,14.975000000000001,46.97231
1990,Timor-Leste,8.007,23.71565
1995,Timor-Leste,6.49,23.72739
2000,Timor-Leste,5.506,23.93893
2005,Timor-Leste,4.512,24.03641
2010,Timor-Leste,4.269,24.25482
2011,Timor-Leste,4.32,24.90539
2012,Timor-Leste,4.149,23.21984
2013,Timor-Leste,4.048,22.61077
2014,Timor-Leste,3.862,21.24261
2015,Timor-Leste,3.9299999999999997,21.59563
2016,Timor-Leste,3.8689999999999998,20.29761
2017,Timor-Leste,3.71,20.32858
1990,Turkmenistan,27.756999999999998,26.84804
1995,Turkmenistan,26.343,26.57922
2000,Turkmenistan,21.579,25.94193
2005,Turkmenistan,19.585,25.08414
2010,Turkmenistan,15.291,25.77848
2011,Turkmenistan,15.126000000000001,26.88708
2012,Turkmenistan,14.497,24.6421
2013,Turkmenistan,14.579,24.20749
2014,Turkmenistan,14.045,22.98193
2015,Turkmenistan,14.34,24.02657
2016,Turkmenistan,13.799999999999999,22.57879
2017,Turkmenistan,13.805,22.64587
1990,Uruguay,8.19,10.67775
1995,Uruguay,8.241,10.7178
2000,Uruguay,8.245,11.29694
2005,Uruguay,7.746,10.86347
2010,Uruguay,7.484,10.99536
2011,Uruguay,7.774,11.54488
2012,Uruguay,7.353999999999999,10.60981
2013,Uruguay,7.2219999999999995,10.37375
2014,Uruguay,6.837,9.84949
2015,Uruguay,6.748,9.53383
2016,Uruguay,6.59,9.08662
2017,Uruguay,6.718999999999999,9.07625
1990,Uzbekistan,16.883,38.31498
1995,Uzbekistan,17.829,36.71774
2000,Uzbekistan,15.992,35.38113
2005,Uzbekistan,17.044,34.79456
2010,Uzbekistan,16.549999999999997,35.31725
2011,Uzbekistan,17.169,37.26758
2012,Uzbekistan,16.487000000000002,34.4109
2013,Uzbekistan,16.408,33.79818
2014,Uzbekistan,15.731000000000002,31.77557
2015,Uzbekistan,16.189,32.97077
2016,Uzbekistan,15.306000000000001,31.4066
2017,Uzbekistan,15.599,31.45703
1990,Vanuatu,3.1839999999999997,12.57853
1995,Vanuatu,3.1519999999999997,12.62074
2000,Vanuatu,3.594,13.7459
2005,Vanuatu,3.8739999999999997,13.85773
2010,Vanuatu,4.212,14.08581
2011,Vanuatu,4.351,13.93591
2012,Vanuatu,4.082,13.23077
2013,Vanuatu,4.001,12.82516
2014,Vanuatu,3.821,12.09392
2015,Vanuatu,3.939,12.3754
2016,Vanuatu,3.8949999999999996,11.56798
2017,Vanuatu,3.9370000000000003,11.49806
1990,Venezuela,7.167,21.49568
1995,Venezuela,7.2780000000000005,21.28531
2000,Venezuela,6.816000000000001,22.3881
2005,Venezuela,6.934000000000001,22.43718
2010,Venezuela,7.647,22.82095
2011,Venezuela,7.83,22.61438
2012,Venezuela,8.022,22.21256
2013,Venezuela,8.013,21.0397
2014,Venezuela,7.968,19.54532
2015,Venezuela,7.962,19.17222
2016,Venezuela,7.723000000000001,17.45673
2017,Venezuela,7.973,17.39899
1990,Zimbabwe,4.37,23.92766
1995,Zimbabwe,4.295,23.36164
2000,Zimbabwe,5.665,23.17402
2005,Zimbabwe,6.336,22.91417
2010,Zimbabwe,6.255000000000001,22.97476
2011,Zimbabwe,6.207000000000001,22.92004
2012,Zimbabwe,5.98,23.259
2013,Zimbabwe,5.84,22.86794
2014,Zimbabwe,5.616,22.96328
2015,Zimbabwe,5.341,22.18765
2016,Zimbabwe,5.275,21.89786
2017,Zimbabwe,5.327,21.82037
1990,United Kingdom,12.232,13.24545
1995,United Kingdom,11.274000000000001,12.7487
2000,United Kingdom,9.803,12.59064
2005,United Kingdom,8.421,12.49076
2010,United Kingdom,7.542,12.3034
2011,United Kingdom,7.535,12.84189
2012,United Kingdom,7.0920000000000005,11.80623
2013,United Kingdom,7.077,11.60548
2014,United Kingdom,6.742,10.78696
2015,United Kingdom,6.84,10.73807
2016,United Kingdom,6.776,10.48657
2017,United Kingdom,6.811999999999999,10.44482
1990,Sudan,9.155999999999999,53.34959
1995,Sudan,8.275,53.02612
2000,Sudan,7.314,52.46112
2005,Sudan,7.2620000000000005,51.92949
2010,Sudan,7.064,50.44792
2011,Sudan,7.345,51.20807
2012,Sudan,7.188000000000001,51.38158
2013,Sudan,6.9,51.24384
2014,Sudan,6.806,48.00584
2015,Sudan,7.629,58.08524
2016,Sudan,7.194,56.78116
2017,Sudan,7.249,56.99521
1990,Tonga,2.922,11.0393
1995,Tonga,3.269,11.0439
2000,Tonga,3.746,12.9146
2005,Tonga,4.543,12.8671
2010,Tonga,5.256,13.2037
2011,Tonga,5.37,13.022
2012,Tonga,5.096,12.293
2013,Tonga,5.135,11.9819
2014,Tonga,5.2219999999999995,11.6571
2015,Tonga,5.045999999999999,11.3374
2016,Tonga,4.982,10.724
2017,Tonga,5.003,10.5421
1990,Trinidad and Tobago,14.922,26.75099
1995,Trinidad and Tobago,16.492,26.78105
2000,Trinidad and Tobago,17.035,29.02539
2005,Trinidad and Tobago,17.203000000000003,29.28379
2010,Trinidad and Tobago,16.439,29.18817
2011,Trinidad and Tobago,16.302,30.06279
2012,Trinidad and Tobago,16.315,28.05243
2013,Trinidad and Tobago,16.77,27.17874
2014,Trinidad and Tobago,16.819,25.61684
2015,Trinidad and Tobago,17.174,25.52393
2016,Trinidad and Tobago,17.628,24.15328
2017,Trinidad and Tobago,18.015,24.1692
1990,Tunisia,9.257,37.04492
1995,Tunisia,9.81,36.6035
2000,Tunisia,10.198,35.86088
2005,Tunisia,10.233,34.10043
2010,Tunisia,10.823,35.66684
2011,Tunisia,10.763,34.11286
2012,Tunisia,10.76,33.2839
2013,Tunisia,11.132000000000001,35.55673
2014,Tunisia,11.174,35.31076
2015,Tunisia,11.42,36.21296
2016,Tunisia,11.73,38.14996
2017,Tunisia,11.768999999999998,38.15849
1990,Ukraine,20.589,28.16855
1995,Ukraine,27.296,25.64035
2000,Ukraine,25.756999999999998,24.68999
2005,Ukraine,27.134999999999998,24.15916
2010,Ukraine,22.698,23.98277
2011,Ukraine,22.181,24.92005
2012,Ukraine,21.767000000000003,22.93833
2013,Ukraine,21.496000000000002,21.9633
2014,Ukraine,20.482,20.76782
2015,Ukraine,24.973,21.60292
2016,Ukraine,24.048000000000002,20.68093
2017,Ukraine,22.735999999999997,20.69818
1990,United Arab Emirates,6.335,39.79089
1995,United Arab Emirates,6.845000000000001,39.6156
2000,United Arab Emirates,6.983,38.94253
2005,United Arab Emirates,6.0680000000000005,38.45091
2010,United Arab Emirates,6.259,38.42097
2011,United Arab Emirates,6.564,38.506100000000004
2012,United Arab Emirates,7.016,39.53375
2013,United Arab Emirates,7.585,39.21337
2014,United Arab Emirates,8.120999999999999,37.10861
2015,United Arab Emirates,8.951,42.29151
2016,United Arab Emirates,9.477,40.25735
2017,United Arab Emirates,10.106,40.64907
1990,Zambia,10.389,31.68323
1995,Zambia,9.269,30.93146
2000,Zambia,7.415,30.54155
2005,Zambia,5.859,29.11694
2010,Zambia,5.194,28.87954
2011,Zambia,5.1370000000000005,28.92083
2012,Zambia,5.05,29.42899
2013,Zambia,4.807,29.13463
2014,Zambia,4.577,28.71523
2015,Zambia,4.496,28.50506
2016,Zambia,4.2989999999999995,27.74189
2017,Zambia,4.2139999999999995,27.74442
1990,Serbia,12.123,30.85338
1995,Serbia,13.107000000000001,29.0237
2000,Serbia,14.257,29.51981
2005,Serbia,15.552999999999999,29.75902
2010,Serbia,15.335,29.57478
2011,Serbia,16.148,31.70719
2012,Serbia,15.532,28.85577
2013,Serbia,15.111,27.15739
2014,Serbia,15.126999999999999,26.46927
2015,Serbia,15.509,26.90172
2016,Serbia,14.452,25.01658
2017,Serbia,14.367,25.05095
1990,United States,8.556000000000001,9.56131
1995,United States,8.218,9.43577
2000,United States,7.935,9.47155
2005,United States,7.898,9.55296
2010,United States,7.662,9.29297
2011,United States,7.9270000000000005,9.66482
2012,United States,7.504,8.96083
2013,United States,7.342,8.67383
2014,United States,7.029,8.16956
2015,United States,6.984,8.01888
2016,United States,6.537,7.37633
2017,United States,6.602,7.36365
1990,United States Virgin Islands,6.693,10.89739
1995,United States Virgin Islands,7.468999999999999,10.89332
2000,United States Virgin Islands,9.558,14.04415
2005,United States Virgin Islands,10.594000000000001,13.94343
2010,United States Virgin Islands,11.893,14.06239
2011,United States Virgin Islands,12.081,14.33077
2012,United States Virgin Islands,11.982,13.48714
2013,United States Virgin Islands,12.181999999999999,13.17742
2014,United States Virgin Islands,12.06,12.30845
2015,United States Virgin Islands,12.354,12.15864
2016,United States Virgin Islands,11.89,11.32536
2017,United States Virgin Islands,12.158000000000001,11.32564
1990,Yemen,11.052,50.06723
1995,Yemen,10.134,49.78786
2000,Yemen,9.806999999999999,49.5496
2005,Yemen,8.870000000000001,46.35852
2010,Yemen,8.86,46.20491
2011,Yemen,9.35,49.95582
2012,Yemen,9.357,51.98188
2013,Yemen,9.428999999999998,51.20997
2014,Yemen,9.019,47.78693
2015,Yemen,9.881,54.62559
2016,Yemen,9.612,50.58668
2017,Yemen,9.757,51.63549
1990,Montenegro,8.948,29.6711
1995,Montenegro,9.919,28.35334
2000,Montenegro,11.447,27.76629
2005,Montenegro,12.161999999999999,27.63628
2010,Montenegro,11.646999999999998,26.1607
2011,Montenegro,12.012,27.96999
2012,Montenegro,11.441,26.01129
2013,Montenegro,11.193000000000001,24.39852
2014,Montenegro,10.969,23.26051
2015,Montenegro,11.288,24.05459
2016,Montenegro,10.919,22.22353
2017,Montenegro,11.056000000000001,22.29501
1990,South Sudan,9.361,46.76157
1995,South Sudan,10.542,46.58109
2000,South Sudan,8.235,45.96587
2005,South Sudan,7.582000000000001,44.66899
2010,South Sudan,7.476,43.06313
2011,South Sudan,7.593,44.35625
2012,South Sudan,7.528,44.17551
2013,South Sudan,7.321,43.76677
2014,South Sudan,6.932,41.72696
2015,South Sudan,7.593,48.7703
2016,South Sudan,6.786,46.40373
2017,South Sudan,6.681,46.83591
