cou,country,Y1990,Y1991,Y1992,Y1993,Y1994,Y1995,Y1996,Y1997,Y1998,Y1999,Y2000,Y2001,Y2002,Y2003,Y2004,Y2005,Y2006,Y2007,Y2008,Y2009,Y2010,Y2011,Y2012,Y2013,Y2014,Y2015,Y2016,Y2017,change
AUS,Australia,6.4510000000000005,6.3469999999999995,6.332000000000001,6.1240000000000006,6.085000000000001,5.835,5.905,5.864,5.758,5.5760000000000005,5.384,5.2669999999999995,5.2059999999999995,5.06,4.904999999999999,4.73,4.662,4.718,4.694,4.615,4.507,4.605,4.32,4.119,4.003,3.942,3.7039999999999997,3.7700000000000005,2.681
AUT,Austria,10.317,10.341999999999999,10.151,10.025,9.767,9.745999999999999,9.780000000000001,9.579,9.57,9.49,9.346,9.101,9.037,8.984,8.788,8.717,8.504999999999999,8.533999999999999,8.43,8.617,8.49,8.494,8.07,7.9479999999999995,7.677,7.712,7.302,7.214,3.1029999999999998
BEL,Belgium,12.311,12.012,11.811,11.648,11.446,11.34,11.136,11.091999999999999,11.04,10.998000000000001,10.886,10.707,10.690000000000001,10.539,10.185,10.05,9.734,9.790000000000001,9.858,9.780000000000001,9.627,9.5,9.196,8.861,8.338999999999999,8.496,8.105,8.107,4.204000000000001
AFG,Afghanistan,16.908,15.940999999999999,15.399000000000001,16.848,17.729,17.44,17.047,16.788,16.039,15.494,14.206,13.382,12.629000000000001,13.85,13.443999999999999,12.937000000000001,12.458,11.904,11.202000000000002,10.73,10.457,10.539,10.179,9.823,9.443999999999999,9.674,9.025,9.214,7.694000000000001
ALB,Albania,6.853,7.189,7.034000000000001,6.837,6.558,6.303,6.151,5.96,5.789,5.741,5.452,5.2170000000000005,5.241,5.311,5.396,5.422,5.477,5.447,5.683,5.785,5.921,6.411,6.178,6.25,6.258,6.569,6.414,6.554,0.2989999999999995
DZA,Algeria,11.036999999999999,10.788,10.532,10.259,9.991,9.719,9.687999999999999,9.687999999999999,9.581,9.568,9.446,9.451,9.401,9.313,9.212,9.053,9.099,9.100999999999999,9.032,8.940999999999999,8.818,8.887,8.838000000000001,8.961,9.092,9.155999999999999,9.342,9.292000000000002,1.7449999999999974
ASM,American Samoa,4.867,5.004,5.125,5.282,5.42,5.532,5.772,6.161,6.593999999999999,7.011,7.208,7.312,7.473000000000001,7.645999999999999,7.808,7.981,8.158000000000001,8.43,8.686,9.009,9.251,9.654,9.459999999999999,9.491,9.328,9.469,9.39,9.639,-4.771999999999999
AND,Andorra,6.003,6.06,6.140000000000001,6.294,6.197,6.079000000000001,6.04,6.0169999999999995,5.975,5.894,5.8260000000000005,5.759,5.668,5.665,5.635000000000001,5.484999999999999,5.463,5.517,5.593,5.68,5.754,5.397,5.1530000000000005,5.205,5.165,5.563,5.374,5.6370000000000005,0.36599999999999966
AGO,Angola,9.801,9.922,9.928,9.838999999999999,9.947,9.817,9.870000000000001,9.959,10.161999999999999,10.174,10.022,9.966000000000001,9.719999999999999,9.56,9.58,9.286,9.082,8.879000000000001,8.452,8.008000000000001,7.68,7.215,7.056,6.890000000000001,6.308999999999999,6.145,5.802,5.648,4.1530000000000005
ATG,Antigua and Barbuda,7.93,8.003,8.120000000000001,8.205,8.229000000000001,8.288,8.297,8.291,8.158,8.046,7.9,7.971,7.974,8.039,8.048,8.052,8.083,8.053,8.065,8.057,8.085,8.222999999999999,8.032,7.976999999999999,7.901,7.9399999999999995,7.849,7.962,-0.03200000000000003
ARG,Argentina,7.747999999999999,7.688000000000001,7.9190000000000005,7.827,7.689,7.643000000000001,7.969,8.135,8.301,8.383,7.984999999999999,8.183,8.441,8.530999999999999,8.234,8.04,8.251000000000001,8.64,8.52,8.585,8.448,8.690999999999999,8.349,8.191,7.7829999999999995,7.853,7.619,7.561,0.1869999999999994
ARM,Armenia,12.647,12.916,13.469999999999999,13.748,13.690000000000001,13.350999999999999,13.383,13.222000000000001,13.126999999999999,13.367,13.554,14.007,14.518999999999998,15.033,15.369,15.937000000000001,16.554000000000002,16.868000000000002,17.528,17.88,18.061,18.141000000000002,17.588,16.709,16.222,16.829,16.310000000000002,16.517,-3.869999999999999
AZE,Azerbaijan,19.472,19.786,19.974,19.641,19.268,18.121000000000002,17.611,16.943,16.323999999999998,15.672999999999998,14.834,14.353000000000002,14.389,14.553,14.672,14.84,15.14,15.146,15.364,15.437,15.503,15.901,15.420000000000002,15.375,14.639,15.025,14.565,14.475999999999999,4.996000000000002
BHS,Bahamas,7.313000000000001,7.365,7.418,7.52,7.634,7.702999999999999,7.979,7.925,7.9830000000000005,8.116,7.928000000000001,8.08,7.944,7.889,7.875,7.79,8.02,8.025,8.123,8.238,8.201,8.384,8.112,8.08,8.005,8.248000000000001,8.094,8.164,-0.8509999999999991
BHR,Bahrain,12.843,12.843,12.908000000000001,12.841000000000001,12.767,12.77,12.620000000000001,12.539000000000001,12.32,11.798,11.183,10.729,10.235,9.972,9.7,9.25,8.773,8.437000000000001,8.146,7.994999999999999,8.104,8.275,8.722,8.985,9.174,9.742,9.870000000000001,9.968,2.875
BGD,Bangladesh,13.632000000000001,13.469000000000001,13.028,12.633,12.247,11.879999999999999,11.668,11.479,11.221,11.105,11.036999999999999,10.949000000000002,10.915,10.958,10.803,10.671,10.563,10.574,10.458,10.280999999999999,10.119,9.870000000000001,9.761,9.126,9.437000000000001,9.271,8.7,8.838,4.794000000000002
BLR,Belarus,18.118000000000002,18.759,19.578,21.453,21.789,22.725,22.789,23.273,24.042,24.858,23.747,25.201,26.668999999999997,25.973,25.612000000000002,26.144000000000002,25.311,24.070999999999998,24.096,24.233,24.441,24.47,21.186,20.35,19.503,18.77,18.107,18.269,-0.15099999999999625
BEN,Benin,8.368,8.08,7.812,7.492,7.348,7.048,6.8919999999999995,6.7940000000000005,6.758,6.7059999999999995,6.538,6.372,6.263,5.879,5.567,5.241,5.122,5.04,4.886,4.8309999999999995,4.7620000000000005,4.789,4.9030000000000005,4.815,4.502,5.675000000000001,5.297000000000001,5.116,3.2520000000000007
BMU,Bermuda,8.202,7.893,7.814,7.795999999999999,7.587,7.321,7.49,7.5009999999999994,7.666,7.785,7.771,7.606999999999999,7.554,7.563000000000001,7.566,7.545999999999999,7.584999999999999,7.5889999999999995,7.606999999999999,7.634,7.651,7.818,7.773999999999999,7.782,7.697,7.6899999999999995,7.589,7.765,0.4370000000000003
BRA,Brazil,5.773,5.645,5.705,5.848000000000001,5.867,5.843,5.8629999999999995,5.845000000000001,5.8870000000000005,5.906000000000001,5.8149999999999995,5.8,5.789,5.815,5.8100000000000005,5.696,5.806,5.911,6.024,6.148,6.239,6.365,6.228,6.157,6.029,6,5.9079999999999995,6.116,-0.34299999999999997
COG,Republic of Congo,9.477,9.426,9.339,9.387,9.582,9.685,10.103,10.32,10.295,10.225,9.84,9.484,9.186,8.991,8.734,8.604,8.511,8.395,8.239,7.952,7.621,7.711,7.5649999999999995,7.801,7.775,7.601,7.678999999999999,7.872,1.6050000000000004
BOL,Bolivia,11.02,10.971,10.947,10.779,10.600999999999999,10.343,10.326,10.193999999999999,10.038,9.832,9.599,9.512,9.571,9.585999999999999,9.521,9.378,9.329,9.242,9.022,8.802,8.619,8.208,7.842,7.761,7.4510000000000005,7.018000000000001,6.821999999999999,6.946,4.074
BRN,Brunei Darussalam,3.553,3.6759999999999997,3.748,3.79,3.8040000000000003,3.7720000000000002,3.771,3.7540000000000004,3.764,3.742,3.723,3.789,3.8819999999999997,3.98,4.053,4.101,4.212,4.32,4.401,4.492,4.56,4.606,4.83,4.253,3.7960000000000003,4.165,3.653,3.709,-0.15600000000000014
CAN,Canada,5.879,5.822,5.787,5.821999999999999,5.744999999999999,5.707,5.743,5.765000000000001,5.774,5.758,5.638,5.641,5.648,5.642,5.525,5.436999999999999,5.388999999999999,5.432,5.4030000000000005,5.2780000000000005,5.095000000000001,5.1240000000000006,4.909000000000001,4.679,4.5809999999999995,4.443,3.979,3.896,1.9829999999999997
BFA,Burkina Faso,8.791,8.762,8.469999999999999,8.403,8.143,7.996,7.927,7.979,7.8709999999999996,7.722,7.832,7.7330000000000005,7.6209999999999996,7.228,6.768,6.438,6.391,6.109999999999999,5.961,5.786,5.747,5.73,6.011,5.148,5.321,7.002000000000001,6.429,6.4719999999999995,2.319000000000001
BLZ,Belize,4.8629999999999995,4.977,5.112,5.224,5.2669999999999995,5.356,5.704000000000001,5.97,6.194,6.291,6.183999999999999,6.223,6.356,6.4399999999999995,6.391,6.307,6.455,6.455,6.425,6.465,6.4239999999999995,6.568,6.395,6.4879999999999995,6.255,6.585,6.497,6.6419999999999995,-1.779
BRB,Barbados,13.228,13.337,13.363,13.442,13.637,13.443999999999999,13.307,13.508,13.408999999999999,13.190999999999999,13.097999999999999,12.809999999999999,13.146,13.35,13.431999999999999,13.479,13.352,13.253,13.207,12.943999999999999,12.891,13.231,12.948,13.053999999999998,13.307,13.523,13.536000000000001,13.754999999999999,-0.5269999999999992
BIH,Bosnia and Herzegovina,5.722,6.472,6.992999999999999,7.395,7.692,7.9,8.166,8.577,8.903,9.581,10.018,10.524,10.866999999999999,10.994,11.124,11.782,11.957,12.629,12.277000000000001,12.409,12.388,13.005,12.669,12.814,12.7,13.296,12.879999999999999,13.021,-7.299
BWA,Botswana,4.161,4.202,4.285,4.339,4.297,4.228,4.21,4.227,4.365,4.462,4.596,4.792,5.008,5.15,5.22,5.183999999999999,5.3740000000000006,5.3469999999999995,5.515000000000001,5.6080000000000005,5.574,5.465,5.489,5.4990000000000006,5.462,5.567,5.516,5.498,-1.3370000000000006
CAF,Central African Republic,10.203,10.508,10.652000000000001,10.706,10.795,10.620000000000001,10.821000000000002,10.767,10.847999999999999,10.712,10.364,10.665,10.831,10.886,10.869,10.809000000000001,11.323,11.507,11.481,11.458,11.432,11.282,11.682,11.129999999999999,10.76,12.014,11.536999999999999,11.268999999999998,-1.065999999999999
CMR,Cameroon,12.459,12.751999999999999,12.922,13.117,13.024000000000001,12.905999999999999,13.042000000000002,13.113,13.116,12.902999999999999,12.652000000000001,12.397,12.538,12.082,11.638,11.417,11.533,11.414,11.307,11.441,11.338999999999999,10.927,11.286000000000001,10.57,10.195,11.942,11.71,11.397,1.0619999999999994
BTN,Bhutan,9.911999999999999,9.801,9.911,10.181000000000001,10.29,10.359,10.365,10.325,10.108,9.812000000000001,9.503,9.385,9.329,9.294,9.264,9.215,9.145,9.158,9.097,9.068,8.953,8.743,8.657,8.556000000000001,8.458,8.406,8.136,8.351,1.5609999999999982
BGR,Bulgaria,17.669,17.596,18.51,19.006999999999998,19.969,20.337,20.582,21.601,20.915,19.909,20.104,20.003999999999998,19.888,19.687,19.662,19.915,20.203,19.747,19.427,19.320999999999998,19.155,19.747,18.683,17.83,18.436,18.387999999999998,17.874,18.089,-0.41999999999999815
CZE,Czech Republic,20.195999999999998,19.091,18.409,17.447,17.032,16.83,16.137,15.931,15.165,14.811,14.59,14.325,14.176,14.374,13.904,13.719000000000001,13.356000000000002,13.378,13.465,13.43,13.408000000000001,13.344999999999999,12.989,12.818,12.457,12.690000000000001,12.309,12.399999999999999,7.795999999999999
DNK,Denmark,12.963000000000001,12.599,12.493,12.462,12.261,11.975,11.643,11.225999999999999,10.79,11.019,10.341,10.253,10.277000000000001,10.034,9.691,9.303999999999998,9.39,9.373000000000001,9.083,9.030999999999999,8.872,8.883,8.138,7.933999999999999,7.929,7.7379999999999995,7.598000000000001,7.704,5.259000000000001
BDI,Burundi,9.042,8.932,8.709,8.591,8.620999999999999,8.267,8.282,8.094000000000001,7.888999999999999,7.551,7.228,6.792,6.694,6.569,6.3580000000000005,6.066,5.925000000000001,5.688,5.42,5.210000000000001,4.981999999999999,4.960000000000001,5.183999999999999,4.9719999999999995,4.884,4.651,4.5009999999999994,4.506,4.536
KHM,Cambodia,11.538,11.33,11.158000000000001,11.009,10.626999999999999,10.271,9.939,9.465,9.123000000000001,8.698,8.318,7.929,7.836,7.519,7.21,6.949,6.681,6.483,6.289,6.08,5.928,5.76,5.785,5.593999999999999,5.3260000000000005,5.029,4.803,4.851,6.687
CPV,Cabo Verde,3.7060000000000004,3.654,3.7059999999999995,3.8120000000000003,3.979,4.127,4.446,4.7059999999999995,4.7219999999999995,4.837,4.751,4.66,4.548,4.287,4.098,3.947,4.001,3.971,3.9589999999999996,3.9160000000000004,3.959,4.448,4.734,4.707,4.75,5.510999999999999,5.162,5.413,-1.7069999999999999
TCD,Chad,12.044,12.207,12.391,12.629999999999999,12.585,12.544,12.917,12.812000000000001,13.088999999999999,12.628,12.488,12.357,12.105,11.565999999999999,10.975,10.285,10.382000000000001,10.628,10.326,10.153,10.190000000000001,9.645,10.064,9.388,9.123000000000001,11.556,10.894,10.829,1.2149999999999999
CHL,Chile,6.600999999999999,6.141,5.93,6.019,6.053,6.119,6.13,6.01,6.0280000000000005,5.97,5.682,5.834,5.681,5.773,5.789,5.702999999999999,5.773,5.9079999999999995,5.894,6.181,6.295,6.404,6.255,6.271,6.175,6.233,6.133,6.321,0.27999999999999936
CHN,China,11.465,11.712,11.747,11.712,11.656,11.682,11.785,11.76,11.716999999999999,11.622,11.57,11.553,11.687,11.870000000000001,12.106,12.097,12.014,12.193,12.568,13.026,13.479000000000001,13.940000000000001,13.658,13.957999999999998,14.038,14.478,13.944,14.051000000000002,-2.586000000000002
COL,Colombia,3.825,4.021,4.106,4.0969999999999995,4.172000000000001,4.19,4.324,4.25,4.172000000000001,4.172,4.109,4.17,4.4830000000000005,4.348,4.355,4.289,4.503,4.51,4.619,4.769,4.758,4.679,4.648,4.553,4.526,4.566,4.555,4.6899999999999995,-0.8649999999999993
COM,Comoros,5.702,5.492,5.291,5.1530000000000005,5.054,4.8870000000000005,4.782,4.618,4.493,4.311,4.141,4.003,3.887,3.7649999999999997,3.655,3.498,3.492,3.473,3.408,3.306,3.2119999999999997,3.214,3.151,3.003,3.0250000000000004,2.899,2.831,2.83,2.872
CRI,Costa Rica,2.73,2.808,2.911,2.963,3.133,3.311,3.262,3.355,3.4400000000000004,3.5359999999999996,3.4539999999999997,3.54,3.524,3.603,3.636,3.51,3.634,3.431,3.527,3.599,3.955,3.982,4.01,3.981,3.99,4.096,4.204000000000001,4.327999999999999,-1.5979999999999994
CIV,Ivory Coast,5.201,5.212,5.249,5.279999999999999,5.317,5.381,5.48,5.583,5.659000000000001,5.698,5.587,5.385999999999999,5.195,4.958,4.7829999999999995,4.734,4.78,4.63,4.470000000000001,4.2989999999999995,4.16,4.316,4.511,4.413,4.306,5.332,5.016,4.748,0.4529999999999994
HRV,Croatia,13.265,13.157,13.234000000000002,13.259,13.27,13.541,14.085,14.748999999999999,14.709,14.857000000000001,14.459,14.52,14.863,15.254000000000001,14.796999999999999,14.962,14.801,15.082,15.181000000000001,14.546,14.189,14.291,13.66,13.018,12.907,13.665,12.748000000000001,12.853,0.4120000000000008
CUB,Cuba,9.471,9.661000000000001,9.975999999999999,10.251,10.348,10.261,10.346,10.381,10.479,10.389,10.065000000000001,10.222999999999999,9.891,10.079,10.21,10.371,10.203,10.398,10.631,10.75,10.788,10.599,10.628,10.794,10.697,11.053,11.001000000000001,11.097,-1.6259999999999994
PRK,North Korea,7.859,8.062999999999999,8.277,8.462,8.62,8.818999999999999,9.023,9.193999999999999,9.341999999999999,9.401,9.475999999999999,9.578,9.703,9.785,9.952,10.061,10.233,10.391,10.58,10.697,10.786999999999999,10.891,10.445,10.783000000000001,10.518,11.138,9.914,10.093,-2.234
COD,Democratic Republic of the Congo,10.744,10.905999999999999,10.857,10.515,10.318,9.95,10.004999999999999,10.030999999999999,10.030000000000001,9.635000000000002,9.527000000000001,9.392,8.869,8.468,7.933999999999999,7.606999999999999,7.361,7.220000000000001,7.119,6.949999999999999,6.8420000000000005,6.785,6.929,7.047000000000001,6.683,6.949999999999999,6.800000000000001,6.545999999999999,4.198
EGY,Egypt,38.888000000000005,37.116,34.902,33.266,31.368000000000002,29.451,27.725,26.844,26.036,25.817,24.764,25.119999999999997,25.017,25.118000000000002,24.766,24.310000000000002,24.347,24.084000000000003,24.078,24.426000000000002,24.185000000000002,23.186,22.941000000000003,22.454,21.898,23.33,22.448,21.985,16.903000000000006
SLV,El Salvador,4.051,4.16,4.395,4.51,4.7170000000000005,4.683,4.877,5.036,5.23,5.2490000000000006,5.242,5.276,5.308999999999999,5.489,5.721,5.9079999999999995,5.943,6.277,6.193,6.413,6.289,6.8629999999999995,6.486,6.736000000000001,6.715999999999999,6.7509999999999994,6.5969999999999995,6.646,-2.5949999999999998
FIN,Finland,7.768,7.525,7.378,7.147,6.723,6.677,6.5329999999999995,6.475999999999999,6.379,6.25,6.096,5.947,5.866,5.787,5.724,5.577,5.479,5.513,5.466,5.404,5.337,5.305,4.68,4.3580000000000005,4.432,4.024,3.9,3.9770000000000003,3.7909999999999995
FRA,France,6.75,6.661,6.577,6.568,6.449999999999999,6.394,6.354,6.279999999999999,6.422,6.384,6.2379999999999995,6.254,6.266,6.248,5.955,5.977,5.914,5.882,5.923,5.991,5.948,5.93,5.691,5.58,5.177,5.306,5.038,5.052,1.6980000000000004
GRC,Greece,11.251999999999999,11.341000000000001,11.404,11.077,10.945,10.937999999999999,11.033,10.934000000000001,11.059999999999999,11.198,11.146,11.136,11.109,11.339,11.455,11.322,11.199,11.611,11.44,11.363,11.233,11.702,11.486,11.024000000000001,10.879999999999999,11.171,10.847000000000001,10.955,0.2969999999999988
CYP,Cyprus,10.447,10.421,10.303,10.176,10.087,9.988,10.029,10.245000000000001,10.369,10.379000000000001,10.402000000000001,10.254,10.14,10.026,9.957,9.801,9.619,9.509,9.283,9.155,8.987,8.835,8.616,8.591999999999999,8.6,8.821,8.5,8.725999999999999,1.721
DJI,Djibouti,6.918,7.327,7.879999999999999,8.398,8.801,9.247,9.643,9.919,9.873000000000001,9.766,9.605,9.637,9.716999999999999,10.046,10.264,10.065999999999999,10.273,10.081,9.785,9.556999999999999,9.254999999999999,9.45,9.243,9.245000000000001,9.282,9.977,10.014,9.940000000000001,-3.022000000000001
DMA,Dominica,5.025,5.300000000000001,5.5809999999999995,5.811,6.052,6.233,6.525,6.754,6.96,7.161,7.292,7.479,7.687,7.961,8.205,8.32,8.545,8.686,8.783,8.948,9.126,9.556999999999999,9.389,9.564,9.548,9.629999999999999,9.594999999999999,9.581,-4.555999999999999
DOM,Dominican Republic,3.127,3.169,3.162,3.247,3.2720000000000002,3.324,3.439,3.565,3.671,3.742,3.769,3.8770000000000002,4.005,4.232,4.5569999999999995,4.761,4.99,5.034000000000001,5.058,5.133,5.25,5.459,5.478,5.617,5.541,6.006,5.856,5.958,-2.8310000000000004
ECU,Ecuador,5.077,5.428000000000001,5.6370000000000005,5.7219999999999995,5.755000000000001,5.86,6.109,5.936,6.109,6.173,6.021,5.852,6.136,6.215,6.314,6.424,6.558,6.694,6.789,6.7669999999999995,6.735,6.51,6.478999999999999,6.109999999999999,5.669,5.556,5.561999999999999,5.612,-0.5350000000000001
GNQ,Equatorial Guinea,13.018,13.104,12.982,13.167,12.939,12.823,12.876999999999999,11.981000000000002,11.486,10.809000000000001,9.865,8.927,8.076,7.463,6.622,6.441,6.6370000000000005,6.407,6.096,5.938,5.654,5.367,5.127000000000001,4.827999999999999,4.964,5.406,5.542,5.48,7.538
ERI,Eritrea,10.375,10.903,11.906,12.022,12.26,12.469000000000001,12.421,12.375,12.289,11.876000000000001,11.631,11.761,11.771,11.55,11.367999999999999,11.068999999999999,10.969000000000001,10.802,10.536,10.1,9.712,9.472,9.418,9.446,8.654,9.064,8.639,8.34,2.035
EST,Estonia,8.389,8.797,9.016,9.986,10.957,10.422,9.287,9.136,9.493,9.003,8.954,9.323,9.177,8.937000000000001,8.783999999999999,8.583,8.568999999999999,8.613,8.069,7.702,7.191,7.047000000000001,6.521,6.078,6.277,5.493,5.401,5.364000000000001,3.0249999999999986
ETH,Ethiopia,14.18,14.408999999999999,14.499,14.083,13.163,11.547,10.088000000000001,8.77,7.652,6.63,5.8740000000000006,5.442,5.013,4.643,4.333,4.13,3.988,3.9349999999999996,3.8500000000000005,3.766,3.679,3.6100000000000003,3.473,3.341,3.224,3.382,3.2960000000000003,3.276,10.904
FJI,Fiji,4.494,4.696,4.859,5.13,5.416,5.665,6.107,6.674,6.968999999999999,7.428,7.726000000000001,7.938000000000001,8.105,8.461,8.704,9.077,9.611,10.142,10.473,10.503,10.632,11.145,10.682,10.464,10.584,10.719,10.387,10.432,-5.938000000000001
GHA,Ghana,6.208,6.02,5.945,5.819,5.729,5.616,5.725,5.862,5.909,5.911,5.869,5.842,5.629,5.399,5.086,4.952999999999999,5.046,5.072,4.979,4.964,4.986,5.202999999999999,5.303,5.189,4.938000000000001,6.321,6.713,6.428,-0.21999999999999975
GRD,Grenada,7.269,7.376,7.5120000000000005,7.600999999999999,7.693,7.763,7.915,8.19,8.504,8.73,9.035,9.597999999999999,10.076,10.617,11.111,11.516,11.996,12.451,12.931999999999999,13.398,13.814,14.398,14.245999999999999,14.473,14.559000000000001,14.899000000000001,14.915,15.039000000000001,-7.770000000000001
GNB,Guinea-Bissau,6.2170000000000005,6.1,5.890000000000001,5.877000000000001,5.639,5.6080000000000005,5.574,5.5120000000000005,5.378,5.276,5.555,5.504,5.273,5.009,4.7010000000000005,4.306,4.2170000000000005,4.529,4.428,4.28,4.139,4.059,3.7880000000000003,3.751,3.755,4.214,3.9139999999999997,3.835,2.3820000000000006
IRL,Ireland,9.318000000000001,9.172,9.084,9.068999999999999,8.801,8.862,8.611,8.503,8.367,8.229,7.93,7.426,7.095000000000001,6.686,6.431,6.098,5.943,5.728999999999999,5.656000000000001,5.661,5.239,5.443,5.227,5.176,4.937,4.958,4.808,4.859,4.459000000000001
GAB,Gabon,10.067,10.207,10.313,10.280000000000001,10.370999999999999,10.427,10.620000000000001,10.653,10.618,10.449,10.333,10.533999999999999,10.416,10.437000000000001,10.402000000000001,10.347000000000001,10.633,10.681999999999999,10.652999999999999,10.401,9.945,10.01,9.707,9.457,9.422,9.602,9.504,9.545,0.5220000000000002
GMB,Gambia,6.708,6.611,6.4190000000000005,6.198,6.061,5.866,5.787,5.621,5.433,5.3,5.176,5.157,5.010999999999999,4.776,4.72,4.596,4.548,4.487,4.348,4.236000000000001,4.211,4.0489999999999995,4.2170000000000005,4.074,4.069,4.672,4.205,4.327999999999999,2.380000000000001
GEO,Georgia,14.327,14.415000000000001,14.399999999999999,13.923,13.869,12.852,12.228,11.913,11.768,11.600999999999999,11.526,11.568000000000001,11.916,11.779,11.504999999999999,11.302,11.468,11.735,12.363999999999999,12.887,13.027999999999999,13.207,12.465,12.198,11.803,12.564,12.453,12.925,1.4019999999999992
GRL,Greenland,9.874,10.025,10.006,9.935,9.819,9.649000000000001,9.746,9.706,9.591999999999999,9.429,9.186,9.34,9.418,9.436,9.318,9.084,9.134,9.149000000000001,9.132,9.078,8.952,8.982,8.765,8.516,8.475,8.385,8.341999999999999,8.424,1.450000000000001
GUM,Guam,6.2940000000000005,6.531000000000001,6.712999999999999,6.907,7.120000000000001,7.253,7.5760000000000005,8.094,8.676,9.291,9.621,9.81,9.96,10.126000000000001,10.314,10.49,10.718,11.028,11.324000000000002,11.611999999999998,11.814,12.197,12.074,12.036999999999999,11.850999999999999,12.477,12.116,12.231,-5.936999999999999
GTM,Guatemala,6.433,6.695,6.991,7.161,7.331,7.022,6.987,7.432,7.712,7.548,7.678,7.501,7.286,7.1160000000000005,7.0649999999999995,6.933999999999999,6.718,6.355,6.129,6.077999999999999,5.936,6.161,5.927,6.024,5.606,5.497,5.413,5.563000000000001,0.8699999999999992
GIN,Guinea,8.013,7.640000000000001,7.219,6.886,6.481,6.218,6.064,5.909000000000001,5.8260000000000005,5.622,5.433,5.184,5.019,4.73,4.816,4.568,4.611,4.537,4.338,4.22,4.186,4.119,4.136,3.8369999999999997,3.792,4.6419999999999995,4.309,4.339,3.6739999999999995
GUY,Guyana,7.401,7.321,7.043,7.213000000000001,7.225,7.612,8.129999999999999,8.722000000000001,9.07,9.093,9.471,9.690999999999999,10.027999999999999,10.143999999999998,10.251000000000001,10.422,10.529,10.579,10.575,10.471,10.951,11.636,11.649999999999999,11.181000000000001,10.857,10.873000000000001,10.57,10.594,-3.1929999999999996
HTI,Haiti,4.763,4.728,4.704,4.654999999999999,4.52,4.484,4.49,4.477,4.361000000000001,4.293,4.152,4.1129999999999995,4.066,4.029,4.008,3.9939999999999998,4.01,4.048,4.046,4.0809999999999995,4.032,4.163,3.893,3.764,3.69,3.512,3.422,3.4059999999999997,1.3570000000000002
IND,India,15.631,15.674,15.788,15.536000000000001,15.354,15.183,15.192,15.317,15.120000000000001,14.766,14.681000000000001,14.642,14.440999999999999,14.263,14.003,14.03,14.221,14.468,14.744,14.928999999999998,15.195,15.642000000000001,15.113,15.654,15.614999999999998,15.870999999999999,15.873,15.942,-0.31099999999999994
IDN,Indonesia,5.184,5.161,5.12,5.093,5.0809999999999995,5.045,5.0649999999999995,5.109999999999999,5.18,5.162,5.106999999999999,5.172,5.289999999999999,5.388,5.479,5.497,5.556,5.599,5.670999999999999,5.688,5.668,5.747,5.913,5.741,5.774,6.039,6.131,6.317,-1.133
IRN,Iran,10.075,9.781,9.485,9.271,9.079,8.888,8.778,8.648,8.559000000000001,8.51,8.498000000000001,8.586,8.67,8.744,8.792,8.823,8.955,9.03,9.126,9.209,9.247,9.232,9.301,9.333,9.397,9.608,9.577,9.638,0.4369999999999994
IRQ,Iraq,19.64,19.614,20.204,20.817,20.948,21.035,21.476,21.657,20.741999999999997,20.032,19.741,18.697,18.716,18.099,17.308,16.570999999999998,15.838,15.14,14.544,13.999,13.369,12.51,11.844000000000001,11.164,10.298,10.147,9.734,9.46,10.18
ISR,Israel,9.376999999999999,9.704999999999998,9.86,9.255,9.002,8.824,8.59,8.596,8.651,8.479,8.387,8.124,7.942,7.699,7.4030000000000005,7.289000000000001,7.108,7.02,6.757,6.5169999999999995,6.43,6.487,6.311,6.287,6.143,6.313000000000001,6.0440000000000005,6.119,3.257999999999999
DEU,Germany,13.036999999999999,12.713,12.174,11.956,11.658999999999999,11.388,11.174,10.802,10.4,10.257000000000001,10.137,9.925,9.891,9.845,9.482,9.354,9.245999999999999,9.272,9.376,9.536000000000001,9.561,9.339,8.915,8.943999999999999,8.624,8.925,8.786,8.822,4.215
HUN,Hungary,15.119,15.036999999999999,15.791,15.94,15.702000000000002,15.529,14.943,14.832999999999998,15.232,15.434,14.797,14.592,14.918,15.306000000000001,15.345,15.798,15.649,15.849,15.562000000000001,15.641,15.381,15.347,14.472999999999999,13.972999999999999,13.476,14.652999999999999,13.416,13.295,1.8239999999999998
ISL,Iceland,5.2669999999999995,5.2940000000000005,5.244999999999999,5.1739999999999995,5.093,4.941,5.021,4.978,4.833,4.6690000000000005,4.444,4.4239999999999995,4.381,4.298,4.234999999999999,4.132,4.132,4.104,4.092,4.071,3.949,4.016,3.65,3.598,3.4400000000000004,3.5089999999999995,3.232,3.269,1.9979999999999993
ITA,Italy,10.485,10.575,10.35,10.129999999999999,10.071,9.929,9.86,9.823,9.951,9.719,9.477,9.381,9.305,9.384,8.922,8.802999999999999,8.713000000000001,8.683,8.672,8.661,8.472999999999999,8.775,8.472000000000001,8.357,8.307,8.611,8.16,8.251,2.234
JPN,Japan,6.468999999999999,6.554,6.651999999999999,6.696,6.598000000000001,6.692,6.557,6.504,6.62,6.671,6.529999999999999,6.507,6.481,6.574,6.566,6.689,6.667,6.743,6.806,6.838,6.901,6.995,6.664999999999999,6.712,6.4510000000000005,6.414,6.145,6.245,0.2239999999999993
LUX,Luxembourg,10.684000000000001,10.436,10.176,9.936,9.634,9.458,9.303,9.023,8.731,8.43,8.236,8.111,8.094000000000001,7.983,7.832000000000001,7.645,7.492,7.207000000000001,7,6.937,6.883,6.707,6.372999999999999,6.232,5.997,6.077,5.859999999999999,5.948,4.736000000000001
HND,Honduras,2.832,2.823,2.838,2.842,2.816,2.903,2.882,2.865,2.872,2.8369999999999997,2.792,2.8200000000000003,2.83,2.884,2.903,2.931,2.95,2.953,2.902,2.895,2.883,3.1100000000000003,3.012,3.112,2.801,2.808,2.758,2.801,0.030999999999999694
JAM,Jamaica,3.356,3.385,3.715,3.923,4.205,4.477,4.728,4.958,5.154,5.426,5.469,5.557,5.4670000000000005,5.377,5.318,5.277,5.318,5.84,6.22,6.638,6.356,6.567,6.719,7.213,7.34,7.553000000000001,7.672000000000001,7.82,-4.464
JOR,Jordan,11.605,11.204,10.701,10.478,10.119,9.94,9.901,9.708,9.592,9.440999999999999,9.232,9.111,8.957,8.675,8.524000000000001,8.389,8.414,8.112,7.741,7.438000000000001,7.1739999999999995,6.948,6.784000000000001,6.725,6.795,6.919,7.007999999999999,7.205,4.4
KAZ,Kazakhstan,9.403,9.642,10.05,10.86,11.33,11.893,12.414000000000001,12.267,11.899000000000001,11.427,11.679,12.182,12.474,12.613,12.238,11.847000000000001,12.048,11.936,11.193,10.436,10.125,9.801,9.15,8.858,8.186,8.401,8.026,8.349,1.0540000000000003
KEN,Kenya,5.478,5.448,5.439,5.423,5.396,5.3580000000000005,5.305,5.225,5.114,5.004,4.993,4.773,4.659,4.611000000000001,4.52,4.444,4.433,4.4159999999999995,4.377,4.37,4.4190000000000005,4.418,4.389,4.255,4.151999999999999,3.9859999999999998,3.9850000000000003,4.023,1.455
LBN,Lebanon,17.560000000000002,17.189,16.873,16.526,16.064999999999998,15.753,15.599,15.57,15.501999999999999,15.364,15.135,14.906,14.561,14.230999999999998,14.04,13.936,14.120999999999999,14.43,14.733,14.816,14.547,14.02,13.553999999999998,13.258,12.924,12.808,12.74,13.007000000000001,4.553000000000001
LSO,Lesotho,8.113,8.068999999999999,8.111,8.066,8.049,7.965,8.065,8.219,8.407,8.626,9.011,9.174999999999999,9.347999999999999,9.472999999999999,9.466000000000001,9.509,9.549,9.702,9.928,9.797,9.837,9.724,9.678,9.854,10.086,9.539,8.757,8.549,-0.43599999999999994
LBR,Liberia,4.747,4.322,4.314,4.441000000000001,4.279999999999999,3.9379999999999997,3.6790000000000003,3.5220000000000002,3.37,3.136,3.035,2.896,2.6630000000000003,2.399,2.18,2.091,1.931,1.845,1.76,1.73,1.701,1.823,1.911,1.79,1.646,1.9289999999999998,1.8459999999999999,1.7850000000000001,2.9619999999999997
LBY,Libya,9.379999999999999,9.295,9.171,9.063,8.940999999999999,8.794,8.780000000000001,9.084,9.263,9.397,9.457,9.706,9.92,9.918,10.027000000000001,10.097999999999999,10.049,10.155000000000001,10.576,11.350999999999999,11.651,11.832,12.135000000000002,12.963000000000001,13.456,14.168,14.749,15.245999999999999,-5.866
LTU,Lithuania,14.724,15.269,15.255,16.793,17.262999999999998,16.630000000000003,15.257,14.207,13.961,13.561,13.486,14.300999999999998,14.225,14.476,14.775,15.804,16.467,17.064999999999998,16.36,15.145,15.300999999999998,15.050999999999998,14.661999999999999,14.465,13.959,13.966999999999999,13.668,13.678,1.0459999999999994
MEX,Mexico,6.109,6.132,6.234999999999999,6.313,6.343999999999999,6.366,6.438000000000001,6.571,6.602,6.564,6.4399999999999995,6.474,6.6259999999999994,6.715,6.643000000000001,6.715999999999999,6.7059999999999995,6.724,7.017,7.2509999999999994,7.24,7.446999999999999,7.380000000000001,7.483,7.388999999999999,7.359,7.4190000000000005,7.656000000000001,-1.5470000000000006
KIR,Kiribati,3.239,3.245,3.326,3.355,3.339,3.322,3.348,3.439,3.521,3.659,3.7110000000000003,3.798,3.8579999999999997,3.889,3.894,3.909,3.935,4.031,4.009,4.015000000000001,3.979,4.08,3.865,3.825,3.5909999999999997,3.633,3.387,3.467,-0.2280000000000002
KWT,Kuwait,6.752,6.2860000000000005,6.623,7.313000000000001,8.247,8.888,8.99,9.275,8.804,8.633,8.337,7.948,7.984999999999999,8.152,8.469999999999999,8.828,9.08,9.036,9.079,8.738,8.111,7.734,7.694,7.5760000000000005,7.296,7.633,7.667,7.944,-1.1920000000000002
KGZ,Kyrgyzstan,15.46,15.213999999999999,15.175,15.324,15.132000000000001,14.352999999999998,14.155000000000001,13.851,13.467,12.725,11.947,11.713999999999999,11.551,11.440000000000001,11.157,10.926,11.053,10.831,10.221,9.641,9.242,9.034,8.424,8.264,7.599,7.585,7.0969999999999995,7.041,8.419
LAO,Laos,12.809000000000001,12.707999999999998,12.394,12.151,11.897,11.669,11.57,11.386,11.203,10.948,10.628,10.581,10.663,10.649000000000001,10.606,10.42,10.271999999999998,10.024000000000001,10.119,9.849,9.536,8.761,8.777000000000001,8.613,8.020999999999999,7.3759999999999994,7.203,6.86,5.949000000000001
MKD,Macedonia,11.551,11.424,11.993,12.085,12.021,12.017,12.057,12.155999999999999,12.287,12.045,12.071,12.552999999999999,13.056000000000001,13.225,13.120999999999999,13.41,13.942,14.108,13.813,14.07,14.122,14.756,14.309000000000001,13.616,13.692,14.538,14.425,14.616,-3.0649999999999995
MDG,Madagascar,5.9030000000000005,5.839,5.8420000000000005,6.038,5.785,5.663,5.453,5.359,5.165,4.879,4.718,4.542,4.427,4.481,4.366,4.344,4.239,4.148,4.167,4.1739999999999995,4.071,4.1579999999999995,3.933,4.054,4.038,3.8979999999999997,3.8499999999999996,3.768,2.1350000000000007
MWI,Malawi,4.884,4.8870000000000005,5.035,5.104,5.164,4.981,4.736,4.7010000000000005,4.606999999999999,4.5649999999999995,4.418,4.127000000000001,3.8649999999999998,3.645,3.4480000000000004,3.255,3.168,3.085,2.951,2.953,2.928,2.8200000000000003,2.859,2.682,2.6109999999999998,2.536,2.375,2.332,2.5520000000000005
MYS,Malaysia,5.905,6.092,6.304,6.487,6.659,7.018,7.253,7.4559999999999995,7.603,7.941,8.102,8.197000000000001,8.39,8.754999999999999,8.84,8.791,8.857,8.972,9.272,9.514,9.383,9.386,9.502,9.143,9.31,9.716,9.335,9.597,-3.6919999999999993
MRT,Mauritania,11.768999999999998,11.39,11.051,10.532,10.199,9.716,9.852,9.775,9.626000000000001,9.297,8.878,8.725999999999999,8.375,7.789,7.223000000000001,6.8919999999999995,6.791,6.589,6.356999999999999,6.164,5.849,5.763,5.907,5.513,5.657,6.007,5.712,5.679,6.089999999999998
MUS,Mauritius,8.619,8.679,9.114,9.641,9.905000000000001,10.118,10.571,11.158999999999999,11.108,11.296,11.286999999999999,11.748,12.295,12.531,12.687,13.027,13.318999999999999,13.434000000000001,13.962,14.305,14.204999999999998,14.378,14.809999999999999,14.940000000000001,15.385000000000002,15.292000000000002,15.544,15.914,-7.295
FSM,Micronesia,4.8420000000000005,4.869,4.831,4.801,4.777,4.696,4.791,4.862,4.944,5.001,5.055,5.206,5.335,5.468,5.58,5.719,5.968,6.209,6.393000000000001,6.532,6.656,6.881,6.803,6.914999999999999,6.727,6.845000000000001,6.765000000000001,7.026,-2.1839999999999993
MDA,Moldova,11.158999999999999,11.359,10.998000000000001,11.418,12.658,13.099,12.484,11.623,11.087,11.161000000000001,11.265,11.395,11.644,12.094999999999999,12.701,13.738,14.056000000000001,14.298,14.469000000000001,14.962,15.305,14.727,13.853,13.266,13.433,13.988,13.306999999999999,13.13,-1.9710000000000019
MNG,Mongolia,23.326999999999998,22.195,21.214,20.379,19.566,18.869,18.448,17.948,17.214,16.586,15.769000000000002,15.333,14.904,14.475999999999999,14.11,13.765999999999998,13.656,13.475999999999999,13.299,13.386,13.239,13.207999999999998,12.504999999999999,12.25,11.555,11.855,11.025,11.541,11.785999999999998
MAR,Morocco,16.262,16.161,16.041,16.032,15.869,15.787,15.807,15.713000000000001,15.387,15.171,14.696,14.608,14.444,14.332,14.221,14.119,14.175,14.161999999999999,14.184999999999999,14.136,14.085,14.099,13.82,14.148,14.324,14.599,14.911000000000001,14.917,1.3450000000000006
NZL,New Zealand,5.833,5.74,5.769,5.644,5.348000000000001,5.385999999999999,5.319,5.186,4.938000000000001,4.91,4.59,4.54,4.482,4.336,4.125,3.922,3.886,3.9130000000000003,3.8659999999999997,3.7860000000000005,3.678,3.835,3.431,3.374,3.089,3.091,2.892,2.924,2.9090000000000003
NOR,Norway,8.208,8.035,7.959,7.753,7.492000000000001,7.323,7.074,6.926,6.9,6.711,6.579000000000001,6.407,6.2780000000000005,5.99,5.782,5.619,5.534,5.498,5.4350000000000005,5.351,5.2379999999999995,5.495,4.746,4.545999999999999,4.386,3.9829999999999997,3.7670000000000003,3.7880000000000003,4.42
LVA,Latvia,15.649,16,16.9,19.450000000000003,21.415,19.899,16.97,16.139,16.722,15.933,15.721,16.715,16.664,16.393,16.491,17.384999999999998,18.499000000000002,18.094,16.802,16.253,16.266,15.492,14.903,14.674,14.387,13.765,13.631,13.745999999999999,1.9030000000000005
MDV,Maldives,2.073,2.083,2.107,2.1029999999999998,2.08,2.099,2.132,2.181,2.202,2.194,2.206,2.216,2.239,2.279,2.3409999999999997,2.419,2.493,2.545,2.601,2.612,2.638,2.765,2.698,2.69,2.682,2.712,2.489,2.598,-0.5249999999999999
MLI,Mali,6.269,6.249,6.029,5.877,5.654,5.401999999999999,5.458,5.249,5.145,5.024,4.949999999999999,4.7379999999999995,4.7780000000000005,4.618,4.335,4.087,4.1419999999999995,4.008,4.029,3.957,3.8529999999999998,3.597,3.483,3.304,3.4320000000000004,4.264,4.195,4.197,2.072
MLT,Malta,10.664,10.541,10.375,10.076,9.925,9.972,9.949,9.963000000000001,9.943,10.02,10.024000000000001,10.045,9.966,9.943,9.989,10.117,10.139,10.221,10.207999999999998,10.174,10.234,10.212,9.96,9.92,9.796,10.117,10.205,10.501000000000001,0.16299999999999848
MOZ,Mozambique,4.648,4.427,4.2379999999999995,4.034,3.7720000000000002,3.5540000000000003,3.4749999999999996,3.303,3.1710000000000003,3.0940000000000003,2.982,2.824,2.716,2.5949999999999998,2.5229999999999997,2.509,2.556,2.586,2.598,2.597,2.572,2.399,2.432,2.361,2.355,2.308,2.245,2.213,2.4349999999999996
MMR,Myanmar,11.98,11.847000000000001,11.827,11.763,11.652000000000001,11.494,11.453,11.323,11.129999999999999,10.908999999999999,10.796,10.741,10.923,11.103000000000002,11.212,11.147,11.039000000000001,10.827,10.69,10.414,10.144,9.905000000000001,9.645,9.659,9.217,8.938,8.551,8.486,3.4939999999999998
NIC,Nicaragua,2.904,2.803,2.646,2.5540000000000003,2.458,2.436,2.44,2.4299999999999997,2.447,2.489,2.513,2.594,2.6390000000000002,2.661,2.652,2.683,2.667,2.704,2.758,2.777,2.7220000000000004,2.7809999999999997,2.849,2.894,2.7279999999999998,2.627,2.528,2.569,0.33499999999999996
NER,Niger,21.831000000000003,21.243000000000002,21.273,20.679000000000002,19.745,18.631999999999998,18.113999999999997,17.564,16.71,15.702000000000002,14.628,14.067,12.793,11.695,10.398,10.207,9.620000000000001,9.061,8.431,7.824999999999999,7.307,7.445,7.371,6.609999999999999,6.348,8.33,8.277000000000001,8.399000000000001,13.432000000000002
NGA,Nigeria,24.655,24.656,24.619999999999997,24.485,24.234,23.948,24.354999999999997,24.39,24.084,23.721,23.003,22.644,22.021,21.11,19.948,18.671999999999997,19.012999999999998,18.725,17.843,17.127,16.164,15.386000000000001,16.031,14.504,14.370999999999999,17.735,17.347,16.703,7.952000000000002
MNP,Northern Mariana Islands,4.166,4.133,3.968,3.7329999999999997,3.559,3.491,3.56,3.726,3.96,4.247,4.492,4.692,4.758,4.79,4.8629999999999995,5.098,5.37,5.724,6.077,6.436,6.74,7.022,6.827999999999999,6.632,6.413,6.606,6.555,6.712,-2.5459999999999994
OMN,Oman,8.385,8.283,8.095,7.715,7.4030000000000005,7.148999999999999,7.251,7.398,7.396,7.204,7.138,7.37,7.545999999999999,7.3740000000000006,6.988,6.771000000000001,6.925,7.057,6.86,6.5809999999999995,6.6819999999999995,7.375,7.901999999999999,7.714,7.283,7.436,7.346,7.248,1.1369999999999996
PAK,Pakistan,11.681000000000001,11.835,11.771,11.79,11.733,11.767,11.83,12.021,11.807,11.812999999999999,11.846,11.983,12.021,12.174,12.238,12.347000000000001,12.59,12.614,13.077,13.32,13.277000000000001,13.357,12.58,12.448,12.519,12.362,12.219,12.153,-0.47199999999999953
PRI,Puerto Rico,6.559,6.603,6.751,6.899,6.898,7.184,7.418,7.6160000000000005,8.421,8.491,8.558,8.780999999999999,8.559000000000001,8.684000000000001,8.916,9.088000000000001,8.971,9.021,9.023,9.145,8.925,9.272,8.596,8.439,7.926,7.67,7.568999999999999,7.815,-1.2560000000000002
QAT,Qatar,9.216999999999999,9.459,9.731,10.004999999999999,10.291,10.548,10.628,10.493,10.267,10.059000000000001,9.779,9.482,9.322000000000001,9.106,8.687999999999999,8.203,7.554,7.023000000000001,6.731,6.558,6.425000000000001,6.295,6.325,6.263999999999999,6.1080000000000005,6.311,6.35,6.637,2.579999999999999
NLD,Netherlands,10.661,10.513,10.395999999999999,10.632,10.35,10.301,10.312000000000001,10.156,10.104,10.190000000000001,10.129000000000001,9.951,9.821,9.684000000000001,9.333,9.039,8.831,8.673,8.712,8.626,8.609,8.486,8.142,7.802,7.593999999999999,7.724,7.494,7.5809999999999995,3.08
POL,Poland,15.78,16.427,15.96,15.253,15.097000000000001,15.16,14.83,14.829999999999998,14.545,14.657,14.024000000000001,13.887,13.748999999999999,13.758,13.915,13.941,14.214,14.514,14.572,14.588000000000001,14.322000000000001,14.138000000000002,13.769,13.312,12.823999999999998,13.280000000000001,12.767,12.741,3.0389999999999997
PRT,Portugal,7.194000000000001,7.599,7.754,8.07,7.802,8.081,8.439,8.519,8.645,8.681,8.53,8.63,8.74,8.804,8.486,8.36,8.349,8.366,8.301,8.262,8.125,8.215,7.754,7.72,7.279,7.256,6.865,7.137,0.05700000000000127
MHL,Marshall Islands,4.372,4.501,4.6370000000000005,4.729,4.833,4.9719999999999995,5.142,5.352,5.524,5.657,5.816,6.079,6.324,6.576,6.792,7.004,7.287,7.5200000000000005,7.741,7.924,8.107,8.346,8.15,8.272,8.049,8.213,7.981,8.358,-3.9860000000000007
NAM,Namibia,6.859,6.694,6.578,6.434,6.302,6.249,6.355,6.436,6.769,6.821999999999999,6.855,6.892,6.979,6.92,6.869,6.683,6.634,6.5600000000000005,6.46,6.329000000000001,6.196,5.991,5.861000000000001,5.977,5.739,5.887,5.711,5.7010000000000005,1.1579999999999995
NPL,Nepal,19.183,18.454,18.002000000000002,17.387999999999998,16.872,16.217,15.662,15.088000000000001,14.577,13.96,13.405000000000001,13.030000000000001,12.643,12.346,12.161999999999999,12.337,12.530000000000001,12.655999999999999,12.713000000000001,12.701,12.652999999999999,12.608,12.363,12.437999999999999,12.783000000000001,12.762,13.015,13.235,5.948
PAN,Panama,2.152,2.17,2.267,2.394,2.433,2.508,2.566,2.7359999999999998,2.81,2.8520000000000003,2.842,2.9219999999999997,2.996,3.102,3.172,3.299,3.441,3.553,3.697,3.8,3.887,4.0809999999999995,4.17,4.162,4.125,4.029,3.839,3.872,-1.7199999999999998
PHL,Philippines,9.425,9.095,8.77,8.354,7.971,7.829,7.593999999999999,7.5120000000000005,7.416,7.3149999999999995,7.241,7.311,7.286,7.237,7.215999999999999,7.258,7.363,7.4559999999999995,7.648,7.811999999999999,7.907,7.777,7.921,7.643,7.461,7.407,7.013,6.94,2.4850000000000003
ROU,Romania,12.084,11.784,12.366,12.602,12.872,13.326999999999998,13.943999999999999,14.136,13.555,13.064,12.847,13.322,13.604,13.614,13.273,13.228000000000002,13.113,13.018,13.395,13.661,13.667,13.33,12.86,12.335,12.393,12.663,12.332,12.504000000000001,-0.4200000000000017
RUS,Russia,17.721,18.172,19.719,23.705,25.847,23.854,22.630000000000003,21.442,21.116,22.845,23.621,24.801000000000002,25.918999999999997,26.419,25.659,25.908,24.003999999999998,22.817,22.767,21.372,20.923000000000002,19.275,18.193,17.421,16.836,16.591,15.850999999999999,15.681000000000001,2.039999999999999
RWA,Rwanda,10.796,11.798,13.061,14.635,13.575,13.260000000000002,13.975999999999999,15.09,14.606,13.007000000000001,11.068999999999999,9.747,8.708,8.009,7.76,7.227,6.764,6.406,5.952,5.265,4.897,4.813,4.797000000000001,4.644,4.487,4.4830000000000005,4.399,4.3790000000000004,6.416999999999999
STP,Sao Tome and Principe,6.193,6.1690000000000005,6.202,6.050000000000001,6.202999999999999,6.154,6.099,6.082,6.056,5.88,5.941,5.693,5.495,5.391,5.182,4.914,4.881,4.804,4.859,4.737,4.646,4.806,4.702999999999999,4.981,4.961,5.04,5.057,5.067,1.1259999999999994
SAU,Saudi Arabia,7.429,7.6690000000000005,7.66,7.588,7.484999999999999,7.386,7.471,7.5329999999999995,7.6,7.635,7.645,7.664,7.8580000000000005,7.981999999999999,8.082,8.306,8.554,8.73,8.927,9.062,9.146,9.224,9.244,9.218,9.031,9.565,9.356,9.568999999999999,-2.139999999999999
SEN,Senegal,7.396000000000001,7.346,7.274,7.342,7.336,7.4670000000000005,7.548,7.553000000000001,7.605,7.535,7.422000000000001,7.303,7.066000000000001,6.599,6.447,6.061999999999999,5.771,5.458,5.188,4.817,4.628,4.5280000000000005,4.376,3.998,4.234,4.81,4.212,4.3020000000000005,3.0940000000000003
SYC,Seychelles,8.528,8.904,9.186,9.411,9.577,9.698,9.863,10,10.183,10.237,10.252,10.265,10.309000000000001,10.25,10.205,10.169,10.129999999999999,10.153,10.258,10.366,10.433,10.75,10.954,11.004000000000001,11.265,11.241,11.638,11.803,-3.2750000000000004
SLE,Sierra Leone,6.334,6.188000000000001,5.787,5.598,5.471,5.41,5.384,5.510999999999999,5.369,5.302,5.336,5.2010000000000005,5.112,4.965,4.77,4.582,4.4350000000000005,4.218,4.046,4.019,4.029999999999999,4.006,4.236,3.928,3.7889999999999997,4.593,4.207,4.209,2.125
SLB,Solomon Islands,3.256,3.2270000000000003,3.226,3.199,3.183,3.186,3.2199999999999998,3.311,3.4490000000000003,3.511,3.553,3.5789999999999997,3.5669999999999997,3.545,3.5380000000000003,3.505,3.521,3.558,3.5549999999999997,3.547,3.51,3.585,3.348,3.183,3.15,3.3160000000000003,3.1479999999999997,3.191,0.06499999999999995
ZAF,South Africa,10.603,10.462,10.544,10.144,10.346,10.33,10.8,11.687999999999999,12.126999999999999,12.478,13.309000000000001,13.193999999999999,13.521,13.748999999999999,13.74,13.672,13.737,13.605,13.414000000000001,13.085,12.581,11.879000000000001,11.55,11.363,11.341000000000001,11.269,11.076,10.888,-0.28500000000000014
SWE,Sweden,7.487,7.463000000000001,7.176,7.018,6.66,6.574,6.5280000000000005,6.4670000000000005,6.4239999999999995,6.383,6.205,6.175000000000001,6.022,5.806,5.696999999999999,5.429,5.4239999999999995,5.41,5.3469999999999995,5.261,5.073,5.182,4.436,4.199,4.649,4.0009999999999994,3.7779999999999996,3.87,3.617
PNG,Papua New Guinea,4.461,4.379,4.351,4.300000000000001,4.321,4.226,4.305,4.388,4.463,4.537,4.619,4.68,4.795,4.85,4.878,4.984,5.098,5.242,5.323,5.417,5.527,5.765000000000001,5.559,5.390000000000001,5.266,5.3260000000000005,5.203,5.144,-0.6829999999999998
PRY,Paraguay,2.036,2.041,2.128,2.231,2.2800000000000002,2.2969999999999997,2.346,2.296,2.303,2.3280000000000003,2.3280000000000003,2.3360000000000003,2.403,2.537,2.665,2.69,2.7649999999999997,2.7720000000000002,2.831,2.95,3.003,2.9459999999999997,2.867,2.835,2.826,2.956,2.803,2.968,-0.9319999999999999
PER,Peru,8.888,8.513,8.425,7.957000000000001,7.412,7.091,6.793,6.473,6.261,5.829000000000001,5.585,5.359,5.413,5.596,5.5809999999999995,5.5120000000000005,5.453,5.4239999999999995,5.589,5.856999999999999,5.8309999999999995,5.7989999999999995,5.59,5.4559999999999995,5.093999999999999,4.806,4.805,4.724,4.164
LCA,Saint Lucia,5.4079999999999995,5.609,5.8260000000000005,5.974,6.254,6.448,6.664,6.8420000000000005,6.92,6.99,6.993,7.177,7.481,7.813000000000001,8.038,8.183,8.318999999999999,8.407,8.446,8.653,8.86,9.163,9.183,9.275,9.453,9.847000000000001,9.878,10.267,-4.859
VCT,Saint Vincent and the Grenadines,3.861,4.009,4.179,4.415,4.704,4.964,5.38,5.87,6.225,6.417,6.593999999999999,6.9559999999999995,7.341,7.788,8.208,8.528,8.927,9.321,9.635,9.997,10.359,11.131,11.384,11.690999999999999,11.729,12.216999999999999,12.258,12.655000000000001,-8.794
SGP,Singapore,8.527999999999999,8.41,8.254999999999999,8.156,8.15,8.106,7.93,7.643,7.538,7.363,7.257,7.198,7.122,6.843999999999999,6.856,6.868,6.679,6.606,6.561,6.254,6.1209999999999996,5.923,6.037,5.671,5.409,5.775,5.459,5.534000000000001,2.993999999999998
SVN,Slovenia,9.862,10.312000000000001,10.603,11.145,10.998000000000001,10.693,10.631,10.729,10.763,10.616,10.383,10.462,10.378,10.646,10.296,9.799,9.728,9.541,9.351,9.105,8.902,8.968,8.652000000000001,8.58,8.059000000000001,8.437,8.15,8.296,1.5660000000000007
SOM,Somalia,6.215999999999999,6.425,6.670999999999999,7.056,7.34,7.3759999999999994,7.438,7.526999999999999,7.404999999999999,7.205,6.811,6.487,6.0920000000000005,5.7989999999999995,5.439,5.141,5.061999999999999,5.063000000000001,5.167,4.9830000000000005,4.747999999999999,4.963,4.832,4.368,4.446,4.42,4.418,4.239,1.9769999999999994
SUR,Suriname,7.198,7.421,7.5440000000000005,7.77,7.625,7.265000000000001,7.458,7.625,7.88,8.161999999999999,8.334,8.727,9.146,9.461,9.701,9.754000000000001,9.875,9.941,9.995,9.952,10.04,10.440999999999999,10.17,10.414,10.154,10.589,10.667000000000002,10.796,-3.597999999999999
SWZ,Eswatini,4.255,4.193,4.1530000000000005,4.129,4.181,4.339,4.449,4.53,4.695,5.002000000000001,5.391,5.773,6.109,6.41,6.591,6.838,6.9559999999999995,7.1579999999999995,7.253,7.274,7.198,6.932,6.98,6.958,6.686999999999999,6.5600000000000005,6.248,6.1129999999999995,-1.8579999999999997
TZA,Tanzania,7.773999999999999,7.615,7.354,7.327999999999999,7.0809999999999995,6.813000000000001,6.713,6.587,6.412,6.088,5.726,5.457,5.234999999999999,5.091,4.924,4.695,4.563,4.561,4.414,4.368,4.181,4.172000000000001,4.291,4.062,3.8970000000000002,3.828,3.7720000000000002,3.731,4.042999999999999
THA,Thailand,4.922,5.141,5.304,5.5489999999999995,5.818,6.1080000000000005,6.451,6.198,6.256,6.598000000000001,6.675,6.676,6.902,6.907,7.0120000000000005,7.073,7.266,7.427,7.602,7.64,7.929,8.222,8.448,8.554,8.634,8.677999999999999,9.01,9.349,-4.4270000000000005
TGO,Togo,6.437,6.420999999999999,6.388,6.348000000000001,6.199,6.093,5.996,6.008,5.889,5.838,5.65,5.563000000000001,5.464,5.091,4.734999999999999,4.485,4.4350000000000005,4.311,4.28,4.24,4.166,4.17,4.155,3.827,3.686,4.486,4.294,4.1240000000000006,2.3129999999999997
UGA,Uganda,5.157,5.152,5.029,4.987,4.911,4.782,4.806,4.82,4.791,4.742,4.616,4.914,4.926,4.763999999999999,4.74,4.4879999999999995,4.2940000000000005,4.16,4.0120000000000005,3.876,3.7640000000000002,3.865,4.015,3.893,3.715,3.643,3.612,3.439,1.718
KOR,South Korea,9.218,9.003,8.571,8.347000000000001,8.277000000000001,8.001000000000001,7.862,7.833,7.904999999999999,7.98,8.047,7.988999999999999,8.036999999999999,8.077,8.073,7.9990000000000006,7.931,7.97,8.023,8.120000000000001,8.224,8.333,8.288,8.443,8.228,8.378,8.055,8.199,1.0190000000000001
SVK,Slovakia,18.299,17.811999999999998,17.262999999999998,16.531,15.846,15.788,15.216999999999999,15.465,15.451,15.094999999999999,14.689,14.621,14.55,14.578,14.348,14.637,14.575,14.735999999999999,14.460999999999999,14.175,13.716999999999999,13.527,12.703,12.356000000000002,11.998999999999999,12.474,11.799,11.916,6.382999999999999
ESP,Spain,6.997999999999999,7.149,7.097,7.122,7.138,7.239000000000001,7.345000000000001,7.281000000000001,7.404999999999999,7.549,7.271,7.194,7.130000000000001,7.119,6.85,6.739,6.5489999999999995,6.506,6.3790000000000004,6.185,6.019,6.242999999999999,5.976,5.763,5.554,5.843,5.485,5.477,1.520999999999999
CHE,Switzerland,9.339,9.283,8.987,8.654,8.462,8.254,7.885,7.851,7.689,7.433,7.3870000000000005,7.164,7.103,7.058,6.814,6.681,6.588,6.511,6.390000000000001,6.393000000000001,6.265000000000001,6.145,5.932,5.781000000000001,5.535,5.428,5.111,5.091,4.248
PSE,Palestinian Authority or West Bank and Gaza Strip,10.221,10.096,9.91,9.682,9.417,9.177,9.013,8.834,8.621,8.452,8.370000000000001,8.393,8.51,8.504999999999999,8.608,8.525,8.474,8.338000000000001,8.113,7.882999999999999,7.653,7.460000000000001,7.308,7.138999999999999,7.003,6.929,6.7989999999999995,6.816000000000001,3.4049999999999994
WSM,Samoa,2.99,3.0119999999999996,3.0060000000000002,2.9859999999999998,2.99,3.002,3.0549999999999997,3.1050000000000004,3.15,3.186,3.222,3.268,3.298,3.335,3.3209999999999997,3.339,3.403,3.436,3.4490000000000003,3.466,3.4939999999999998,3.614,3.412,3.359,3.245,3.268,3.109,3.2190000000000003,-0.2290000000000001
LKA,Sri Lanka,3.9240000000000004,3.661,3.6910000000000003,3.606,3.863,4.236,4.532,4.936,4.812,5.006,5.227,5.0680000000000005,5.054,5.261,5.322,5.598,5.768000000000001,5.986000000000001,6.317,6.3549999999999995,6.511,6.94,7.015000000000001,6.9719999999999995,6.976,6.902000000000001,4.405,3.654,0.27000000000000046
SYR,Syria,14.829,14.677,14.518999999999998,14.001999999999999,13.549999999999999,13.047,12.608,12.190000000000001,11.761,11.268,10.786,10.464,10.357,9.967,9.967,9.883,9.854000000000001,9.837,10.14,10.108,10.241,10.295,10.45,10.781,11.133,11.658000000000001,12.024999999999999,12.346,2.4830000000000005
TWN,Chinese Taipei,6.337,6.531,6.761,7.039,7.354,7.663,8.036000000000001,8.346,8.635,8.814,9.112,9.396,9.54,9.844,10.206,10.568000000000001,10.639,10.814,11.016,11.116,11.273,11.864999999999998,11.508,11.604,11.674,11.579,11.538,11.724,-5.3870000000000005
TJK,Tajikistan,23.552,23.215,23.017,22.668,22.679000000000002,21.557000000000002,20.467,19.239,17.999,16.787,15.754999999999999,15.197,14.619,14.166,13.783,13.523,13.895,14.209,14.426,14.682,14.96,16.069000000000003,15.207,15.692,15.259,15.603000000000002,14.738,14.975000000000001,8.576999999999998
TLS,Timor-Leste,8.007,7.725,7.445,7.0969999999999995,6.802,6.49,6.491,6.258,6.138999999999999,5.789,5.506,5.1690000000000005,4.879,4.707,4.647,4.512,4.398,4.462,4.436,4.298,4.269,4.32,4.149,4.048,3.862,3.9299999999999997,3.8689999999999998,3.71,4.297
TKM,Turkmenistan,27.756999999999998,27.433,27.164,27.451999999999998,27.256,26.343,26.522,26.417,25.424,23.558999999999997,21.579,20.976,20.468,20.14,19.922,19.585,19.463,18.994,18.052,16.477,15.291,15.126000000000001,14.497,14.579,14.045,14.34,13.799999999999999,13.805,13.951999999999998
URY,Uruguay,8.19,7.686,8.036999999999999,8.373,8.266,8.241,8.235,8.251,8.51,8.509,8.245,8.14,8.158999999999999,8.131,7.979000000000001,7.746,7.586,7.928000000000001,7.622,7.502000000000001,7.484,7.774,7.353999999999999,7.2219999999999995,6.837,6.748,6.59,6.718999999999999,1.471
UZB,Uzbekistan,16.883,17.17,17.516,17.911,18.075,17.829,17.919,17.607,17.360999999999997,16.604,15.992,16.112000000000002,16.392,16.6,16.947,17.044,17.039,17.118000000000002,17.08,16.794999999999998,16.549999999999997,17.169,16.487000000000002,16.408,15.731000000000002,16.189,15.306000000000001,15.599,1.283999999999999
VUT,Vanuatu,3.1839999999999997,3.1660000000000004,3.189,3.175,3.141,3.1519999999999997,3.226,3.3040000000000003,3.413,3.5519999999999996,3.594,3.6950000000000003,3.7750000000000004,3.827,3.8340000000000005,3.8739999999999997,3.96,4.078,4.163,4.224,4.212,4.351,4.082,4.001,3.821,3.939,3.8949999999999996,3.9370000000000003,-0.7530000000000006
VEN,Venezuela,7.167,6.9030000000000005,7.044,7.148,7.369,7.2780000000000005,7.081,6.875,7.019,6.894,6.816000000000001,7.015,7.1080000000000005,7.505,7.093999999999999,6.934000000000001,7.173,7.425000000000001,7.721,7.8069999999999995,7.647,7.83,8.022,8.013,7.968,7.962,7.723000000000001,7.973,-0.806
ZWE,Zimbabwe,4.37,4.237,4.191,4.156,4.198,4.295,4.359,4.4959999999999996,4.777,5.329000000000001,5.665,5.901,6.218,6.31,6.319,6.336,6.439,6.507,6.4559999999999995,6.379,6.255000000000001,6.207000000000001,5.98,5.84,5.616,5.341,5.275,5.327,-0.9569999999999999
TUR,Turkey,19.434,19.098,18.711,18.399,18.217,17.943,17.527,17.216,16.689,15.922,14.827,14.103000000000002,13.415,12.802999999999999,12.271,12.055,11.99,11.942,11.966999999999999,12.468,12.639,12.285,12.363,12.429,12.609000000000002,12.765,12.554000000000002,12.485999999999999,6.948000000000002
GBR,UK,12.232,11.986,11.717,11.776,11.314,11.274000000000001,10.996,10.684000000000001,10.497,10.239,9.803,9.443000000000001,9.32,9.152,8.697,8.421,8.289,8.062000000000001,7.968,7.709999999999999,7.542,7.535,7.0920000000000005,7.077,6.742,6.84,6.776,6.811999999999999,5.42
SDN,Sudan,9.155999999999999,9.294,9.238,9.008,8.742,8.275,8.094999999999999,7.885,7.632,7.412,7.314,7.333,7.335999999999999,7.239000000000001,7.129,7.2620000000000005,7.417999999999999,7.506,7.381,7.295999999999999,7.064,7.345,7.188000000000001,6.9,6.806,7.629,7.194,7.249,1.9069999999999991
TON,Tonga,2.922,3.019,3.082,3.151,3.219,3.269,3.363,3.453,3.513,3.683,3.746,3.883,4.074,4.258,4.426,4.543,4.725,4.896,5.02,5.123,5.256,5.37,5.096,5.135,5.2219999999999995,5.045999999999999,4.982,5.003,-2.081
TTO,Trinidad and Tobago,14.922,15.174,15.65,16.415,16.965,16.492,17.159,16.812,17.560000000000002,17.766,17.035,17.237,17.012,17.645,17.544,17.203000000000003,16.883,17.038,17.630000000000003,17.032,16.439,16.302,16.315,16.77,16.819,17.174,17.628,18.015,-3.093
TUN,Tunisia,9.257,9.48,9.658999999999999,9.724,9.755,9.81,9.84,10.097000000000001,10.241,10.254999999999999,10.198,10.252,10.272,10.181999999999999,10.189,10.233,10.362,10.479,10.597,10.706,10.823,10.763,10.76,11.132000000000001,11.174,11.42,11.73,11.768999999999998,-2.5119999999999987
UKR,Ukraine,20.589,21.939999999999998,23.189,24.266,25.455,27.296,27.131,25.844,24.168,25.012,25.756999999999998,25.848999999999997,26.664,26.755,27.302999999999997,27.134999999999998,26.191000000000003,27.036,26.901,23.912,22.698,22.181,21.767000000000003,21.496000000000002,20.482,24.973,24.048000000000002,22.735999999999997,-2.1469999999999985
ARE,United Arab Emirates,6.335,6.438,6.534,6.6339999999999995,6.741,6.845000000000001,6.906000000000001,6.911,6.994,7.063,6.983,6.912000000000001,6.869999999999999,6.775,6.532,6.0680000000000005,5.6850000000000005,5.631,5.698,6.148,6.259,6.564,7.016,7.585,8.120999999999999,8.951,9.477,10.106,-3.771
VNM,Viet Nam,5.119,4.992,4.899,4.788,4.715,4.636,4.614,4.601,4.647,4.709,4.774,4.968999999999999,5.132,5.373,5.569,5.78,6.051,6.3629999999999995,6.6419999999999995,6.9030000000000005,7.177,7.341,7.465,7.708,7.754,7.686999999999999,7.634,7.843,-2.724
ZMB,Zambia,10.389,10.288,10.112,9.995000000000001,9.684000000000001,9.269,8.98,8.565999999999999,8.198,7.766,7.415,6.954,6.535,6.188000000000001,6.074999999999999,5.859,5.846,5.692,5.657,5.334,5.194,5.1370000000000005,5.05,4.807,4.577,4.496,4.2989999999999995,4.2139999999999995,6.175
SRB,Serbia,12.123,11.649999999999999,12.287,12.522,12.704999999999998,13.107000000000001,13.527999999999999,14.063,13.453,13.688,14.257,14.258000000000001,14.582,15.029,15.271,15.552999999999999,15.562000000000001,15.416999999999998,15.600999999999999,15.619,15.335,16.148,15.532,15.111,15.126999999999999,15.509,14.452,14.367,-2.2440000000000015
EU28,European Union (28 countries),11.419,11.350999999999999,11.178999999999998,11.085,10.924,10.859,10.727,10.600999999999999,10.474,10.347999999999999,10.087,9.974,9.923,9.891,9.596,9.498000000000001,9.411,9.387,9.358,9.312,9.181000000000001,9.173,8.77,8.584,8.325,8.536,8.221,8.262,3.157
OECD,OECD - Total,9.658999999999999,9.588,9.432,9.378,9.244,9.171,9.036,8.934,8.87,8.793,8.578,8.486,8.44,8.411,8.214,8.178,8.125,8.120999999999999,8.145,8.17,8.093,8.177,7.869,7.785,7.558,7.631,7.338,7.404999999999999,2.2539999999999996
OECDE,OECD - Europe,12.063,11.988,11.748000000000001,11.611,11.419,11.308,11.106,10.934000000000001,10.801,10.637,10.28,10.075,9.939,9.838,9.521,9.402999999999999,9.321,9.306999999999999,9.277000000000001,9.302,9.215,9.173,8.854000000000001,8.734,8.521,8.719,8.438,8.463000000000001,3.5999999999999996
MENA,Middle East and North Africa,17.979,17.471,16.884999999999998,16.427,15.874,15.323,14.929,14.702,14.379,14.204,13.843,13.838999999999999,13.818,13.749,13.579,13.373000000000001,13.356,13.254999999999999,13.222000000000001,13.245000000000001,13.119,12.870999999999999,12.766,12.696,12.527000000000001,13.059000000000001,12.872,12.827,5.151999999999999
USA,USA,8.556000000000001,8.452,8.293,8.372,8.27,8.218,8.125,8.043,7.9879999999999995,7.999,7.935,7.9670000000000005,8.007,8.011000000000001,7.859,7.898,7.878,7.832,7.864000000000001,7.82,7.662,7.9270000000000005,7.504,7.342,7.029,6.984,6.537,6.602,1.9540000000000006
G7M,G7,8.919,8.831,8.669,8.667,8.513,8.455,8.334,8.209,8.165000000000001,8.116,7.973,7.92,7.912,7.914999999999999,7.704000000000001,7.691000000000001,7.641,7.614,7.6419999999999995,7.622999999999999,7.527000000000001,7.6530000000000005,7.279,7.19,6.906000000000001,6.95,6.612,6.666,2.253
VIR,United States Virgin Islands,6.693,6.7669999999999995,6.915,7.09,7.319,7.468999999999999,7.8,8.242999999999999,8.756,9.265,9.558,9.781,9.924,10.151,10.389,10.594000000000001,10.829,11.093,11.41,11.655999999999999,11.893,12.081,11.982,12.181999999999999,12.06,12.354,11.89,12.158000000000001,-5.465000000000002
YEM,Yemen,11.052,11.015,10.799,10.596,10.396,10.134,10.225999999999999,10.229,10.205,10.032,9.806999999999999,9.873000000000001,9.756,9.491,9.217,8.870000000000001,8.911,9.134,9.123000000000001,9.016,8.86,9.35,9.357,9.428999999999998,9.019,9.881,9.612,9.757,1.295
WLD,World,11.776,11.818,11.838999999999999,11.866,11.809000000000001,11.661,11.602,11.529,11.395,11.291,11.172,11.152,11.148,11.133,11.026,10.963999999999999,10.933,10.975999999999999,11.084,11.136,11.186,11.298,11.026,11.042,10.937999999999999,11.254,10.979,11,0.7759999999999998
ASEAN,ASEAN,6.608,6.555,6.5009999999999994,6.442,6.394,6.374,6.386,6.346,6.357,6.369,6.341,6.399,6.519,6.612,6.693,6.728999999999999,6.8149999999999995,6.888999999999999,7.007,7.058,7.1,7.134,7.252000000000001,7.159000000000001,7.1129999999999995,7.192,7.132,7.266,-0.6580000000000004
MNE,Montenegro,8.948,9.042,9.187999999999999,9.451,9.701,9.919,10.266,10.702,11.088,11.316,11.447,11.594999999999999,11.753,11.948,12.008,12.161999999999999,12.192,12.078,11.93,11.82,11.646999999999998,12.012,11.441,11.193000000000001,10.969,11.288,10.919,11.056000000000001,-2.1080000000000005
G20,G20,11.626000000000001,11.709,11.777000000000001,11.85,11.838000000000001,11.709,11.675,11.645,11.562,11.486,11.413,11.42,11.449,11.475999999999999,11.399000000000001,11.395,11.352,11.440999999999999,11.642,11.796,11.966000000000001,12.2,11.849,12.021,11.951,12.184999999999999,11.921,12.006,-0.379999999999999
BRIICS,"BRIICS economies - Brazil, Russia, India, Indonesia, China and South Africa",12.452,12.594999999999999,12.738,12.856,12.886,12.721,12.711,12.696,12.602,12.526,12.511,12.547,12.593,12.637,12.607,12.611,12.565,12.684000000000001,12.952,13.155000000000001,13.421,13.713000000000001,13.342,13.619,13.604,13.890999999999998,13.638,13.725,-1.2729999999999997
SSD,South Sudan,9.361,9.698,10.008,10.552,10.815,10.542,10.352,9.908000000000001,9.396,8.719999999999999,8.235,7.864,7.611,7.481999999999999,7.4510000000000005,7.582000000000001,7.7940000000000005,7.975999999999999,7.944,7.763999999999999,7.476,7.593,7.528,7.321,6.932,7.593,6.786,6.681,2.6800000000000006
EA19,Euro area (19 countries),10.148,10.086,9.872,9.809000000000001,9.664000000000001,9.545,9.431,9.273,9.235,9.147,8.972,8.88,8.83,8.814,8.496,8.406,8.297,8.289,8.261,8.246,8.147,8.171,7.83,7.699,7.433999999999999,7.643,7.3469999999999995,7.3919999999999995,2.7560000000000002
OECDAO,OECD Asia Oceania,7.1370000000000005,7.145,7.117999999999999,7.063000000000001,6.973,6.946,6.829,6.785,6.863,6.892,6.793000000000001,6.7459999999999996,6.728999999999999,6.772,6.738,6.769,6.724,6.78,6.815,6.836,6.878,6.971,6.713000000000001,6.7509999999999994,6.5169999999999995,6.526999999999999,6.247,6.348,0.7890000000000006
OECDAM,OECD America,7.74,7.652000000000001,7.556,7.6290000000000004,7.56,7.529,7.487,7.46,7.432,7.428,7.337,7.371,7.427,7.453,7.327999999999999,7.359999999999999,7.343,7.323,7.412000000000001,7.441,7.326,7.554,7.241999999999999,7.148,6.913,6.869,6.561,6.665,1.0750000000000002
EECCA,"Eastern Europe, Caucasus and Central Asia",17.73,18.281,19.405,21.835,23.231,22.468,21.777,20.835,20.271,21.168,21.518,22.183,22.962,23.206,22.869,22.951,21.802,21.276,21.163,19.861,19.367,18.503999999999998,17.56,17.046,16.367,17.017,16.265,16.029,1.7010000000000005
LAC,Latin America and Caribbean,6.068,6.01,6.095,6.152,6.15,6.118,6.164,6.172,6.2170000000000005,6.187,6.056,6.077,6.143,6.2059999999999995,6.163,6.111000000000001,6.1850000000000005,6.271,6.388,6.519,6.523,6.638,6.519,6.491,6.333,6.311999999999999,6.245,6.399,-0.3310000000000004
