COU,Country,Year,NetChange_Infant,NetChange_Maternal,isocode
AUS,Australia,1980,NA,NA,AUS
AUS,Australia,1981,-0.6999999999999993,0.7999999999999989,AUS
AUS,Australia,1982,0.3000000000000007,-0.1999999999999993,AUS
AUS,Australia,1983,-0.7000000000000011,-4.2,AUS
AUS,Australia,1984,-0.40000000000000036,1.5,AUS
AUS,Australia,1985,0.7000000000000011,-3.3,AUS
AUS,Australia,1986,-1.0999999999999996,1.7999999999999998,AUS
AUS,Australia,1987,-0.10000000000000142,-0.9000000000000004,AUS
AUS,Australia,1988,0,-0.39999999999999947,AUS
AUS,Australia,1989,-0.6999999999999993,0.2999999999999998,AUS
AUS,Australia,1990,0.1999999999999993,0.8999999999999995,AUS
AUS,Australia,1991,-1.0999999999999996,-1,AUS
AUS,Australia,1992,-0.09999999999999964,-1.6999999999999997,AUS
AUS,Australia,1993,-0.9000000000000004,2.4,AUS
AUS,Australia,1994,-0.1999999999999993,0.40000000000000036,AUS
AUS,Australia,1995,-0.20000000000000018,3.2,AUS
AUS,Australia,1996,0.09999999999999964,-4.7,AUS
AUS,Australia,1997,-0.5,-0.2999999999999998,AUS
AUS,Australia,1998,-0.2999999999999998,-1.6000000000000005,AUS
AUS,Australia,1999,0.7000000000000002,1.6000000000000005,AUS
AUS,Australia,2000,-0.5,1.5999999999999996,AUS
AUS,Australia,2001,0.09999999999999964,-1.0999999999999996,AUS
AUS,Australia,2002,-0.2999999999999998,-0.10000000000000053,AUS
AUS,Australia,2003,-0.20000000000000018,-1.5999999999999996,AUS
AUS,Australia,2004,-0.09999999999999964,1.0999999999999996,AUS
AUS,Australia,2005,0.20000000000000018,-0.8999999999999999,AUS
AUS,Australia,2006,-0.20000000000000018,0.6999999999999997,AUS
AUS,Australia,2007,-0.6000000000000005,-1.9999999999999996,AUS
AUS,Australia,2008,0,-0.10000000000000009,AUS
AUS,Australia,2009,0.10000000000000053,1,AUS
AUS,Australia,2010,-0.10000000000000053,1.2999999999999998,AUS
AUS,Australia,2011,-0.2999999999999998,0,AUS
AUS,Australia,2012,-0.5,0.9000000000000004,AUS
AUS,Australia,2013,0.30000000000000027,-3.3000000000000003,AUS
AUS,Australia,2014,-0.20000000000000018,2.1,AUS
AUS,Australia,2015,-0.19999999999999973,-1.4,AUS
AUS,Australia,2016,-0.10000000000000009,1.2999999999999998,AUS
AUS,Australia,2017,0.19999999999999973,-2.3,AUS
AUS,Australia,2018,-0.19999999999999973,3.1999999999999997,AUS
AUT,Austria,1980,NA,NA,AUT
AUT,Austria,1981,-1.700000000000001,6.1000000000000005,AUT
AUT,Austria,1982,0.20000000000000107,3.099999999999998,AUT
AUT,Austria,1983,-0.9000000000000004,-5.799999999999999,AUT
AUT,Austria,1984,-0.5,-6.6,AUT
AUT,Austria,1985,-0.20000000000000107,2.4000000000000004,AUT
AUT,Austria,1986,-0.8999999999999986,0,AUT
AUT,Austria,1987,-0.5,-2.3000000000000007,AUT
AUT,Austria,1988,-1.700000000000001,1.1000000000000005,AUT
AUT,Austria,1989,0.20000000000000107,2.2,AUT
AUT,Austria,1990,-0.5000000000000009,-1.3000000000000007,AUT
AUT,Austria,1991,-0.2999999999999998,0.8000000000000007,AUT
AUT,Austria,1992,0,-3.2,AUT
AUT,Austria,1993,-1,0,AUT
AUT,Austria,1994,-0.20000000000000018,4.499999999999999,AUT
AUT,Austria,1995,-0.8999999999999995,-7.6,AUT
AUT,Austria,1996,-0.3000000000000007,3.4,AUT
AUT,Austria,1997,-0.39999999999999947,-2.1,AUT
AUT,Austria,1998,0.20000000000000018,2.5000000000000004,AUT
AUT,Austria,1999,-0.5,-3.6000000000000005,AUT
AUT,Austria,2000,0.39999999999999947,1.3,AUT
AUT,Austria,2001,0,3.9999999999999996,AUT
AUT,Austria,2002,-0.7000000000000002,-3.9999999999999996,AUT
AUT,Austria,2003,0.40000000000000036,0,AUT
AUT,Austria,2004,0,1.1999999999999997,AUT
AUT,Austria,2005,-0.2999999999999998,0,AUT
AUT,Austria,2006,-0.6000000000000001,-1.1999999999999997,AUT
AUT,Austria,2007,0.10000000000000009,1.2999999999999998,AUT
AUT,Austria,2008,0,-1.2999999999999998,AUT
AUT,Austria,2009,0.09999999999999964,0,AUT
AUT,Austria,2010,0.10000000000000009,-1.3,AUT
AUT,Austria,2011,-0.2999999999999998,1.3,AUT
AUT,Austria,2012,-0.3999999999999999,-1.3,AUT
AUT,Austria,2013,-0.10000000000000009,0,AUT
AUT,Austria,2014,-0.10000000000000009,7.3,AUT
AUT,Austria,2015,0.10000000000000009,-3.8999999999999995,AUT
AUT,Austria,2016,0,1,AUT
AUT,Austria,2017,-0.20000000000000018,-3.4000000000000004,AUT
AUT,Austria,2018,-0.19999999999999973,4.8,AUT
BEL,Belgium,1987,NA,NA,BEL
BEL,Belgium,1988,-0.6999999999999993,-0.8999999999999999,BEL
BEL,Belgium,1989,-0.5,4.1,BEL
BEL,Belgium,1990,-0.5,-3.1999999999999997,BEL
BEL,Belgium,1991,0.3000000000000007,0.6000000000000001,BEL
BEL,Belgium,1992,-0.10000000000000142,1.5999999999999996,BEL
BEL,Belgium,1993,-0.1999999999999993,-0.5999999999999996,BEL
BEL,Belgium,1994,-0.40000000000000036,1,BEL
BEL,Belgium,1995,-1.5999999999999996,3.5,BEL
BEL,Belgium,1996,-1,-4.3,BEL
BEL,Belgium,1997,0.40000000000000036,3.3999999999999995,BEL
BEL,Belgium,1998,-0.20000000000000018,3.700000000000001,BEL
BEL,Belgium,1999,-0.2999999999999998,-7.000000000000001,BEL
BEL,Belgium,2000,-0.10000000000000053,-0.09999999999999964,BEL
BEL,Belgium,2001,-0.2999999999999998,7.8,BEL
BEL,Belgium,2002,-0.09999999999999964,-9.5,BEL
BEL,Belgium,2003,-0.3000000000000007,2.5999999999999996,BEL
BEL,Belgium,2004,-0.19999999999999973,-4.3999999999999995,BEL
BEL,Belgium,2005,-0.19999999999999973,3.3,BEL
BEL,Belgium,2006,0.2999999999999998,3.1999999999999993,BEL
BEL,Belgium,2007,-0.10000000000000009,-2.5999999999999996,BEL
BEL,Belgium,2008,-0.10000000000000009,0.7000000000000002,BEL
BEL,Belgium,2009,-0.2999999999999998,-1.5999999999999996,BEL
BEL,Belgium,2010,0.10000000000000009,1.3999999999999995,BEL
BEL,Belgium,2011,-0.20000000000000018,2.4000000000000004,BEL
BEL,Belgium,2012,0.3999999999999999,-5.4,BEL
BEL,Belgium,2013,-0.2999999999999998,-0.7000000000000002,BEL
BEL,Belgium,2014,-0.10000000000000009,3.1999999999999997,BEL
BEL,Belgium,2015,-0.10000000000000009,-2.3,BEL
BEL,Belgium,2016,-0.09999999999999964,0.7999999999999998,BEL
CAN,Canada,1980,NA,NA,CAN
CAN,Canada,1981,-0.8000000000000007,-1.3999999999999995,CAN
CAN,Canada,1982,-0.5,-4.300000000000001,CAN
CAN,Canada,1983,-0.5999999999999996,3.5000000000000004,CAN
CAN,Canada,1984,-0.40000000000000036,-2.2,CAN
CAN,Canada,1985,-0.09999999999999964,0.7999999999999998,CAN
CAN,Canada,1986,-0.09999999999999964,-1,CAN
CAN,Canada,1987,-0.6000000000000005,1.0999999999999996,CAN
CAN,Canada,1988,-0.09999999999999964,0.7000000000000002,CAN
CAN,Canada,1989,-0.10000000000000053,-0.7000000000000002,CAN
CAN,Canada,1990,-0.2999999999999998,-1.5999999999999996,CAN
CAN,Canada,1991,-0.39999999999999947,0.5,CAN
CAN,Canada,1992,-0.10000000000000053,1.7999999999999998,CAN
CAN,Canada,1993,0.5,-0.8999999999999999,CAN
CAN,Canada,1994,-0.5,-0.2999999999999998,CAN
CAN,Canada,1995,-0.20000000000000018,0.8999999999999999,CAN
CAN,Canada,1996,-0.5,0.40000000000000036,CAN
CAN,Canada,1997,-0.09999999999999964,0.5999999999999996,CAN
CAN,Canada,1998,-0.20000000000000018,-1.7000000000000002,CAN
CAN,Canada,1999,0,-1.4,CAN
CAN,Canada,2000,0,1,CAN
CAN,Canada,2001,-0.09999999999999964,4.4,CAN
CAN,Canada,2002,0.20000000000000018,-3.2,CAN
CAN,Canada,2003,-0.10000000000000053,2.3000000000000007,CAN
CAN,Canada,2004,0,-1,CAN
CAN,Canada,2005,0.10000000000000053,2.9000000000000004,CAN
CAN,Canada,2006,-0.40000000000000036,-0.9000000000000004,CAN
CAN,Canada,2007,0.09999999999999964,-1.4000000000000004,CAN
CAN,Canada,2008,0,2.5,CAN
CAN,Canada,2009,-0.1999999999999993,-1.4000000000000004,CAN
CAN,Canada,2010,0.09999999999999964,-1.1999999999999993,CAN
CAN,Canada,2011,-0.09999999999999964,-1.6000000000000005,CAN
CAN,Canada,2012,-0.10000000000000053,1,CAN
CAN,Canada,2013,0.20000000000000018,0.20000000000000018,CAN
CAN,Canada,2014,-0.2999999999999998,0,CAN
CAN,Canada,2015,-0.20000000000000018,1.0999999999999996,CAN
CAN,Canada,2016,0,-0.7999999999999998,CAN
CAN,Canada,2017,0,0.2999999999999998,CAN
CAN,Canada,2018,0.20000000000000018,2,CAN
CZE,Czech Republic,1980,NA,NA,CZE
CZE,Czech Republic,1981,-1.4999999999999982,0,CZE
CZE,Czech Republic,1982,-0.40000000000000036,-1,CZE
CZE,Czech Republic,1983,-0.5,1,CZE
CZE,Czech Republic,1984,-0.40000000000000036,-3,CZE
CZE,Czech Republic,1985,-1.5999999999999996,-4,CZE
CZE,Czech Republic,1986,-0.1999999999999993,14,CZE
CZE,Czech Republic,1987,-0.3000000000000007,-13,CZE
CZE,Czech Republic,1988,-1,4,CZE
CZE,Czech Republic,1989,-1,-6,CZE
CZE,Czech Republic,1990,0.8000000000000007,6,CZE
CZE,Czech Republic,1991,-0.40000000000000036,-1.1999999999999993,CZE
CZE,Czech Republic,1992,-0.5,-5.5,CZE
CZE,Czech Republic,1993,-1.4000000000000004,0.09999999999999964,CZE
CZE,Czech Republic,1994,-0.5999999999999996,2.5999999999999996,CZE
CZE,Czech Republic,1995,-0.20000000000000018,-8.8,CZE
CZE,Czech Republic,1996,-1.7000000000000002,1.5,CZE
CZE,Czech Republic,1997,-0.09999999999999964,-2.2,CZE
CZE,Czech Republic,1998,-0.7000000000000002,1.0999999999999996,CZE
CZE,Czech Republic,1999,-0.6000000000000005,3.5,CZE
CZE,Czech Republic,2000,-0.5,-0.1999999999999993,CZE
CZE,Czech Republic,2001,-0.09999999999999964,-1.0999999999999996,CZE
CZE,Czech Republic,2002,0.09999999999999964,-4.500000000000001,CZE
CZE,Czech Republic,2003,-0.19999999999999973,3.2,CZE
CZE,Czech Republic,2004,-0.19999999999999973,0.6999999999999993,CZE
CZE,Czech Republic,2005,-0.30000000000000027,6.5,CZE
CZE,Czech Republic,2006,-0.10000000000000009,-0.5,CZE
CZE,Czech Republic,2007,-0.19999999999999973,-10.7,CZE
CZE,Czech Republic,2008,-0.30000000000000027,9,CZE
CZE,Czech Republic,2009,0.10000000000000009,-4.1,CZE
CZE,Czech Republic,2010,-0.19999999999999973,-0.7000000000000002,CZE
CZE,Czech Republic,2011,0,2.3999999999999995,CZE
CZE,Czech Republic,2012,-0.10000000000000009,-4.6,CZE
CZE,Czech Republic,2013,-0.10000000000000009,-3.6,CZE
CZE,Czech Republic,2014,-0.10000000000000009,4.5,CZE
CZE,Czech Republic,2015,0.10000000000000009,-0.10000000000000053,CZE
CZE,Czech Republic,2016,0.2999999999999998,0.7999999999999998,CZE
CZE,Czech Republic,2017,-0.09999999999999964,-0.09999999999999964,CZE
DNK,Denmark,1997,NA,NA,DNK
DNK,Denmark,1998,-0.5,-4.4,DNK
DNK,Denmark,1999,-0.5,2.9999999999999996,DNK
DNK,Denmark,2000,1.0999999999999996,-6.1,DNK
DNK,Denmark,2001,-0.39999999999999947,3.1,DNK
DNK,Denmark,2002,-0.5,0.10000000000000009,DNK
DNK,Denmark,2003,0,-1.6,DNK
DNK,Denmark,2004,0,-1.6,DNK
DNK,Denmark,2005,0,0,DNK
DNK,Denmark,2006,-0.9000000000000004,7.8,DNK
DNK,Denmark,2007,0.5,-4.699999999999999,DNK
DNK,Denmark,2008,0,3.1,DNK
DNK,Denmark,2009,-0.8999999999999999,0.20000000000000018,DNK
DNK,Denmark,2010,0.2999999999999998,-6.4,DNK
DNK,Denmark,2011,0.10000000000000009,5.1,DNK
DNK,Denmark,2012,-0.10000000000000009,-5.1,DNK
DNK,Denmark,2013,0.10000000000000009,3.6,DNK
DNK,Denmark,2014,0.5,1.6999999999999997,DNK
DNK,Denmark,2015,-0.2999999999999998,-5.3,DNK
DNK,Denmark,2016,-0.6000000000000001,3.2,DNK
DNK,Denmark,2017,0.6999999999999997,-1.6,DNK
DNK,Denmark,2018,-0.09999999999999964,0,DNK
FIN,Finland,1980,NA,NA,FIN
FIN,Finland,1981,-1.0999999999999996,3.1,FIN
FIN,Finland,1982,-0.5,-0.20000000000000018,FIN
FIN,Finland,1983,0.20000000000000018,-1.5,FIN
FIN,Finland,1984,0.2999999999999998,-1.5,FIN
FIN,Finland,1985,-0.20000000000000018,4.9,FIN
FIN,Finland,1986,-0.5,0.1999999999999993,FIN
FIN,Finland,1987,0.40000000000000036,-1.5999999999999996,FIN
FIN,Finland,1988,-0.20000000000000018,6.1,FIN
FIN,Finland,1989,0.09999999999999964,-7.8999999999999995,FIN
FIN,Finland,1990,-0.5,2.8999999999999995,FIN
FIN,Finland,1991,0.20000000000000018,-1.5,FIN
FIN,Finland,1992,-0.5999999999999996,-0.09999999999999964,FIN
FIN,Finland,1993,-0.7999999999999998,-1.4,FIN
FIN,Finland,1994,0.2999999999999998,7.6,FIN
FIN,Finland,1995,-0.8000000000000003,-9.1,FIN
FIN,Finland,1996,0.10000000000000009,1.6999999999999997,FIN
FIN,Finland,1997,-0.10000000000000009,1.7999999999999998,FIN
FIN,Finland,1998,0.30000000000000027,0.20000000000000018,FIN
FIN,Finland,1999,-0.6000000000000001,-1.7999999999999998,FIN
FIN,Finland,2000,0.19999999999999973,1.7999999999999998,FIN
FIN,Finland,2001,-0.5999999999999996,0,FIN
FIN,Finland,2002,-0.20000000000000018,0.10000000000000053,FIN
FIN,Finland,2003,0.10000000000000009,-1.9000000000000004,FIN
FIN,Finland,2004,0.19999999999999973,8.6,FIN
FIN,Finland,2005,-0.2999999999999998,-6.8999999999999995,FIN
FIN,Finland,2006,-0.20000000000000018,1.5999999999999996,FIN
FIN,Finland,2007,-0.09999999999999964,-5.1,FIN
FIN,Finland,2008,-0.10000000000000009,6.7,FIN
FIN,Finland,2009,0,-6.7,FIN
FIN,Finland,2010,-0.30000000000000027,3.2,FIN
FIN,Finland,2011,0.10000000000000009,-4.9,FIN
FIN,Finland,2012,0,3.4,FIN
FIN,Finland,2013,-0.5999999999999999,-1.7,FIN
FIN,Finland,2014,0.40000000000000013,3.5999999999999996,FIN
FIN,Finland,2015,-0.5000000000000002,-1.6999999999999997,FIN
FIN,Finland,2016,0.19999999999999996,1.9999999999999996,FIN
FIN,Finland,2017,0.10000000000000009,2.4000000000000004,FIN
FIN,Finland,2018,0.10000000000000009,-3.8,FIN
FRA,France,1980,NA,NA,FRA
FRA,France,1981,-0.3000000000000007,2.5999999999999996,FRA
FRA,France,1982,-0.1999999999999993,-1.6999999999999993,FRA
FRA,France,1983,-0.40000000000000036,1.299999999999999,FRA
FRA,France,1984,-0.7999999999999989,-0.9000000000000004,FRA
FRA,France,1985,0,-2.1999999999999993,FRA
FRA,France,1986,-0.3000000000000007,-1.0999999999999996,FRA
FRA,France,1987,-0.20000000000000018,-1.3000000000000007,FRA
FRA,France,1988,0,-0.29999999999999893,FRA
FRA,France,1989,-0.2999999999999998,-0.8000000000000007,FRA
FRA,France,1990,-0.20000000000000018,1.9000000000000004,FRA
FRA,France,1991,0,1.5,FRA
FRA,France,1992,-0.5,1,FRA
FRA,France,1993,-0.2999999999999998,-3.5999999999999996,FRA
FRA,France,1994,-0.5999999999999996,2.3999999999999986,FRA
FRA,France,1995,-1,-2.1999999999999993,FRA
FRA,France,1996,0.09999999999999964,3.6999999999999993,FRA
FRA,France,1997,-0.09999999999999964,-3.5999999999999996,FRA
FRA,France,1998,-0.10000000000000053,0.5999999999999996,FRA
FRA,France,1999,-0.39999999999999947,-2.799999999999999,FRA
FRA,France,2000,0.09999999999999964,-0.9000000000000004,FRA
FRA,France,2001,0.09999999999999964,2,FRA
FRA,France,2002,-0.39999999999999947,3.5,FRA
FRA,France,2003,0,-2.9000000000000004,FRA
FRA,France,2004,-0.20000000000000018,-0.29999999999999893,FRA
FRA,France,2005,-0.20000000000000018,-0.9000000000000004,FRA
FRA,France,2006,0,0.40000000000000036,FRA
FRA,France,2007,0,2.799999999999999,FRA
FRA,France,2008,0,-2.299999999999999,FRA
FRA,France,2009,0.10000000000000009,-0.20000000000000107,FRA
FRA,France,2010,-0.2999999999999998,1.5999999999999996,FRA
FRA,France,2011,-0.10000000000000009,-1.799999999999999,FRA
FRA,France,2012,0,0.29999999999999893,FRA
DEU,Germany,1980,NA,NA,DEU
DEU,Germany,1981,-1,-0.6000000000000014,DEU
DEU,Germany,1982,-0.6999999999999993,-2.3000000000000007,DEU
DEU,Germany,1983,-0.5999999999999996,-6.299999999999999,DEU
DEU,Germany,1984,-0.7000000000000011,-0.5999999999999996,DEU
DEU,Germany,1985,-0.6999999999999993,-0.10000000000000142,DEU
DEU,Germany,1986,-0.3000000000000007,-2.6999999999999993,DEU
DEU,Germany,1987,-0.29999999999999893,0.6999999999999993,DEU
DEU,Germany,1988,-0.8000000000000007,0.20000000000000107,DEU
DEU,Germany,1989,-0.09999999999999964,-3.6000000000000005,DEU
DEU,Germany,1990,-0.40000000000000036,3.8,DEU
DEU,Germany,1991,-0.09999999999999964,-0.40000000000000036,DEU
DEU,Germany,1992,-0.7000000000000002,-1.9999999999999991,DEU
DEU,Germany,1993,-0.40000000000000036,-1.2000000000000002,DEU
DEU,Germany,1994,-0.20000000000000018,-0.2999999999999998,DEU
DEU,Germany,1995,-0.2999999999999998,0.20000000000000018,DEU
DEU,Germany,1996,-0.2999999999999998,1,DEU
DEU,Germany,1997,-0.09999999999999964,-0.40000000000000036,DEU
DEU,Germany,1998,-0.20000000000000018,-0.40000000000000036,DEU
DEU,Germany,1999,-0.20000000000000018,-0.7999999999999998,DEU
DEU,Germany,2000,-0.09999999999999964,0.7999999999999998,DEU
DEU,Germany,2001,-0.10000000000000053,-2.0999999999999996,DEU
DEU,Germany,2002,-0.09999999999999964,-0.7000000000000002,DEU
DEU,Germany,2003,0,1.4000000000000004,DEU
DEU,Germany,2004,-0.10000000000000053,0.8999999999999995,DEU
DEU,Germany,2005,-0.19999999999999973,-1.2999999999999998,DEU
DEU,Germany,2006,-0.10000000000000009,1.7000000000000002,DEU
DEU,Germany,2007,0.10000000000000009,-1.7000000000000002,DEU
DEU,Germany,2008,-0.3999999999999999,1.2999999999999998,DEU
DEU,Germany,2009,0,0,DEU
DEU,Germany,2010,-0.10000000000000009,0.10000000000000053,DEU
DEU,Germany,2011,0.20000000000000018,-0.5,DEU
DEU,Germany,2012,-0.30000000000000027,-0.10000000000000053,DEU
DEU,Germany,2013,0,-0.5,DEU
DEU,Germany,2014,-0.09999999999999964,0,DEU
DEU,Germany,2015,0.09999999999999964,-0.7999999999999998,DEU
DEU,Germany,2016,0.10000000000000009,-0.3999999999999999,DEU
DEU,Germany,2017,-0.10000000000000009,-0.10000000000000009,DEU
DEU,Germany,2018,-0.09999999999999964,0.40000000000000036,DEU
GRC,Greece,1980,NA,NA,GRC
GRC,Greece,1981,-1.5999999999999979,-6.200000000000001,GRC
GRC,Greece,1982,-1.200000000000001,0.29999999999999893,GRC
GRC,Greece,1983,-0.5,2.6000000000000014,GRC
GRC,Greece,1984,-0.29999999999999893,-5.5,GRC
GRC,Greece,1985,-0.20000000000000107,-1.9000000000000004,GRC
GRC,Greece,1986,-1.9000000000000004,1.0999999999999996,GRC
GRC,Greece,1987,-0.5,-3.3,GRC
GRC,Greece,1988,-0.6999999999999993,0.8999999999999995,GRC
GRC,Greece,1989,-1.3000000000000007,-1.6999999999999997,GRC
GRC,Greece,1990,0,-2.9,GRC
GRC,Greece,1991,-0.6999999999999993,1.9,GRC
GRC,Greece,1992,-0.5999999999999996,2.9,GRC
GRC,Greece,1993,0.09999999999999964,-4.8,GRC
GRC,Greece,1994,-0.5999999999999996,0.8999999999999999,GRC
GRC,Greece,1995,0.1999999999999993,-1.9,GRC
GRC,Greece,1996,-0.8999999999999995,4,GRC
GRC,Greece,1997,-0.7999999999999998,-4,GRC
GRC,Greece,1998,0.2999999999999998,6.9,GRC
GRC,Greece,1999,-0.5,-0.9000000000000004,GRC
GRC,Greece,2000,-0.2999999999999998,-6,GRC
GRC,Greece,2001,-0.8000000000000007,3.9,GRC
GRC,Greece,2002,0,-2.9,GRC
GRC,Greece,2003,-1.0999999999999996,0.8999999999999999,GRC
GRC,Greece,2004,0.09999999999999964,0.8999999999999999,GRC
GRC,Greece,2005,-0.2999999999999998,-2.8,GRC
GRC,Greece,2006,-0.09999999999999964,2.7,GRC
GRC,Greece,2007,-0.20000000000000018,-0.9000000000000001,GRC
GRC,Greece,2008,-0.7999999999999998,-1.8,GRC
GRC,Greece,2009,0.3999999999999999,3.4,GRC
GRC,Greece,2010,0.6999999999999997,1.8000000000000003,GRC
GRC,Greece,2011,-0.3999999999999999,-1.4000000000000004,GRC
GRC,Greece,2012,-0.5,-2.8,GRC
GRC,Greece,2013,0.8000000000000003,-1,GRC
GRC,Greece,2014,0,4.3,GRC
GRC,Greece,2015,0.2999999999999998,1.1000000000000005,GRC
GRC,Greece,2016,0.20000000000000018,1.0999999999999996,GRC
GRC,Greece,2017,-0.7000000000000002,4.800000000000001,GRC
HUN,Hungary,1980,NA,NA,HUN
HUN,Hungary,1981,-2.3999999999999986,-3.3999999999999986,HUN
HUN,Hungary,1982,-0.8000000000000007,10.2,HUN
HUN,Hungary,1983,-1,-12.799999999999999,HUN
HUN,Hungary,1984,1.3999999999999986,0.29999999999999893,HUN
HUN,Hungary,1985,0,10.900000000000002,HUN
HUN,Hungary,1986,-1.3999999999999986,-11.3,HUN
HUN,Hungary,1987,-1.6999999999999993,-1.3000000000000007,HUN
HUN,Hungary,1988,-1.5,3.3999999999999986,HUN
HUN,Hungary,1989,-0.10000000000000142,-1.4999999999999982,HUN
HUN,Hungary,1990,-0.8999999999999986,5.299999999999999,HUN
HUN,Hungary,1991,0.7999999999999989,-8.1,HUN
HUN,Hungary,1992,-1.5,-2.6999999999999993,HUN
HUN,Hungary,1993,-1.5999999999999996,8.9,HUN
HUN,Hungary,1994,-1,-8.4,HUN
HUN,Hungary,1995,-0.8000000000000007,4.799999999999999,HUN
HUN,Hungary,1996,0.20000000000000107,-3.799999999999999,HUN
HUN,Hungary,1997,-1,9.499999999999998,HUN
HUN,Hungary,1998,-0.20000000000000107,-14.7,HUN
HUN,Hungary,1999,-1.299999999999999,-2,HUN
HUN,Hungary,2000,0.7999999999999989,5.999999999999999,HUN
HUN,Hungary,2001,-1.0999999999999996,-4.999999999999999,HUN
HUN,Hungary,2002,-0.8999999999999995,3.1000000000000005,HUN
HUN,Hungary,2003,0.09999999999999964,-0.9000000000000004,HUN
HUN,Hungary,2004,-0.7000000000000002,-3.2,HUN
HUN,Hungary,2005,-0.39999999999999947,0.8999999999999995,HUN
HUN,Hungary,2006,-0.5,2.9000000000000004,HUN
HUN,Hungary,2007,0.20000000000000018,0.1999999999999993,HUN
HUN,Hungary,2008,-0.3000000000000007,8.900000000000002,HUN
HUN,Hungary,2009,-0.5,1.5999999999999979,HUN
HUN,Hungary,2010,0.20000000000000018,-3.1999999999999993,HUN
HUN,Hungary,2011,-0.39999999999999947,-5.300000000000001,HUN
HUN,Hungary,2012,0,-0.1999999999999993,HUN
HUN,Hungary,2013,0.09999999999999964,4.699999999999999,HUN
HUN,Hungary,2014,-0.5,-8.1,HUN
HUN,Hungary,2015,-0.2999999999999998,-1.0999999999999996,HUN
HUN,Hungary,2016,-0.30000000000000027,6.300000000000001,HUN
HUN,Hungary,2017,-0.3999999999999999,3.5,HUN
HUN,Hungary,2018,-0.20000000000000018,-5.300000000000001,HUN
ISL,Iceland,1980,NA,NA,ISL
ISL,Iceland,1981,-1.7000000000000002,0,ISL
ISL,Iceland,1982,1.0999999999999996,0,ISL
ISL,Iceland,1983,-0.8999999999999995,0,ISL
ISL,Iceland,1984,-0.10000000000000053,0,ISL
ISL,Iceland,1985,-0.39999999999999947,0,ISL
ISL,Iceland,1986,-0.40000000000000036,0,ISL
ISL,Iceland,1987,2,23.9,ISL
ISL,Iceland,1988,-1.0999999999999996,-23.9,ISL
ISL,Iceland,1989,-0.7000000000000002,0,ISL
ISL,Iceland,1990,0.40000000000000036,21,ISL
ISL,Iceland,1991,-0.40000000000000036,-21,ISL
ISL,Iceland,1992,-0.7000000000000002,0,ISL
ISL,Iceland,1993,0,0,ISL
ISL,Iceland,1994,-1.4,0,ISL
ISL,Iceland,1995,2.6999999999999997,0,ISL
ISL,Iceland,1996,-2.3999999999999995,0,ISL
ISL,Iceland,1997,1.7999999999999998,0,ISL
ISL,Iceland,1998,-2.9,0,ISL
ISL,Iceland,1999,-0.20000000000000018,0,ISL
ISL,Iceland,2000,0.6000000000000001,0,ISL
ISL,Iceland,2001,-0.2999999999999998,24.4,ISL
ISL,Iceland,2002,-0.5,-24.4,ISL
ISL,Iceland,2003,0.19999999999999973,0,ISL
ISL,Iceland,2004,0.3999999999999999,0,ISL
ISL,Iceland,2005,-0.5,0,ISL
ISL,Iceland,2006,-0.8999999999999999,0,ISL
ISL,Iceland,2007,0.6000000000000001,0,ISL
ISL,Iceland,2008,0.5,0,ISL
ISL,Iceland,2009,-0.7,0,ISL
ISL,Iceland,2010,0.40000000000000013,0,ISL
ISL,Iceland,2011,-1.3000000000000003,22.3,ISL
ISL,Iceland,2012,0.20000000000000007,-22.3,ISL
ISL,Iceland,2013,0.7,0,ISL
ISL,Iceland,2014,0.30000000000000004,0,ISL
ISL,Iceland,2015,0.10000000000000009,0,ISL
ISL,Iceland,2016,-1.5000000000000002,0,ISL
ISL,Iceland,2017,2,0,ISL
ISL,Iceland,2018,-1.0000000000000002,0,ISL
IRL,Ireland,1980,NA,NA,IRL
IRL,Ireland,1981,-0.7999999999999989,-2.5999999999999996,IRL
IRL,Ireland,1982,0.1999999999999993,1.5,IRL
IRL,Ireland,1983,-0.40000000000000036,6.2,IRL
IRL,Ireland,1984,-0.5,-5.7,IRL
IRL,Ireland,1985,-0.7999999999999989,0.20000000000000018,IRL
IRL,Ireland,1986,0.09999999999999964,-1.5,IRL
IRL,Ireland,1987,-1,-1.5000000000000004,IRL
IRL,Ireland,1988,1,-1.5999999999999999,IRL
IRL,Ireland,1989,-0.8000000000000007,1.9999999999999998,IRL
IRL,Ireland,1990,0.09999999999999964,0,IRL
IRL,Ireland,1991,-0.5999999999999996,1.9000000000000004,IRL
IRL,Ireland,1992,-1.0999999999999996,-1.8000000000000003,IRL
IRL,Ireland,1993,-0.40000000000000036,-1.9,IRL
IRL,Ireland,1994,-0.39999999999999947,0.10000000000000009,IRL
IRL,Ireland,1995,0.7000000000000002,-2.1,IRL
IRL,Ireland,1996,-0.40000000000000036,5.9,IRL
IRL,Ireland,1997,0.09999999999999964,-0.20000000000000018,IRL
IRL,Ireland,1998,-0.1999999999999993,-2,IRL
IRL,Ireland,1999,0,-1.8000000000000003,IRL
IRL,Ireland,2000,0.2999999999999998,-0.09999999999999987,IRL
IRL,Ireland,2001,-0.5,3.4000000000000004,IRL
IRL,Ireland,2002,-0.7000000000000002,3.1000000000000005,IRL
IRL,Ireland,2003,0.2999999999999998,-8.3,IRL
IRL,Ireland,2004,-0.7000000000000002,1.6,IRL
IRL,Ireland,2005,-0.7999999999999998,0,IRL
IRL,Ireland,2006,0.10000000000000009,-1.6,IRL
IRL,Ireland,2007,-0.6999999999999997,2.8,IRL
IRL,Ireland,2008,0.19999999999999973,1.2000000000000002,IRL
IRL,Ireland,2009,-0.10000000000000009,0,IRL
IRL,Ireland,2010,0.30000000000000027,-2.7,IRL
IRL,Ireland,2011,-0.10000000000000009,1.4000000000000001,IRL
IRL,Ireland,2012,0,0.09999999999999964,IRL
IRL,Ireland,2013,0.10000000000000009,1.5,IRL
IRL,Ireland,2014,-0.30000000000000027,-2.8,IRL
IRL,Ireland,2015,0.10000000000000009,0,IRL
IRL,Ireland,2016,-0.3999999999999999,4.7,IRL
IRL,Ireland,2017,0,-4.6,IRL
IRL,Ireland,2018,-0.10000000000000009,-1.6,IRL
ITA,Italy,1980,NA,NA,ITA
ITA,Italy,1981,-0.5,0.29999999999999893,ITA
ITA,Italy,1982,-1.0999999999999996,-3.799999999999999,ITA
ITA,Italy,1983,-0.6999999999999993,-0.3000000000000007,ITA
ITA,Italy,1984,-0.9000000000000004,0,ITA
ITA,Italy,1985,-0.9000000000000004,-1,ITA
ITA,Italy,1986,-0.3000000000000007,-2.5,ITA
ITA,Italy,1987,-0.3999999999999986,-1,ITA
ITA,Italy,1988,-0.5,3.0999999999999996,ITA
ITA,Italy,1989,-0.6000000000000014,-3,ITA
ITA,Italy,1990,-0.5999999999999996,4,ITA
ITA,Italy,1991,-0.09999999999999964,-3.6999999999999993,ITA
ITA,Italy,1992,-0.20000000000000018,2.3,ITA
ITA,Italy,1993,-0.7999999999999998,-2.9000000000000004,ITA
ITA,Italy,1994,-0.5999999999999996,-0.6999999999999997,ITA
ITA,Italy,1995,-0.3000000000000007,-0.3999999999999999,ITA
ITA,Italy,1996,-0.09999999999999964,0.5999999999999996,ITA
ITA,Italy,1997,-0.5,0.5,ITA
ITA,Italy,1998,-0.40000000000000036,-1.2999999999999998,ITA
ITA,Italy,1999,-0.1999999999999993,-0.2999999999999998,ITA
ITA,Italy,2000,-0.6000000000000005,0.2999999999999998,ITA
ITA,Italy,2001,0.10000000000000053,-0.8999999999999999,ITA
ITA,Italy,2002,-0.3000000000000007,1.2999999999999998,ITA
ITA,Italy,2003,-0.2999999999999998,1.8000000000000003,ITA
ITA,Italy,2004,-0.3999999999999999,-1.5,ITA
ITA,Italy,2005,-0.10000000000000009,-1.1,ITA
ITA,Italy,2006,-0.09999999999999964,-0.6000000000000001,ITA
ITA,Italy,2007,-0.10000000000000009,0.2999999999999998,ITA
ITA,Italy,2008,0,0,ITA
ITA,Italy,2009,0.10000000000000009,1.1,ITA
ITA,Italy,2010,-0.20000000000000018,-0.5,ITA
ITA,Italy,2011,-0.10000000000000009,-0.2999999999999998,ITA
ITA,Italy,2012,0,-0.5,ITA
ITA,Italy,2013,0,0.6999999999999997,ITA
ITA,Italy,2014,-0.10000000000000009,-1.5999999999999999,ITA
ITA,Italy,2015,0.10000000000000009,2.2,ITA
ITA,Italy,2016,-0.10000000000000009,-0.6000000000000001,ITA
ITA,Italy,2017,-0.09999999999999964,0.7000000000000002,ITA
JPN,Japan,1980,NA,NA,JPN
JPN,Japan,1981,-0.40000000000000036,-1.3000000000000007,JPN
JPN,Japan,1982,-0.5,-0.8000000000000007,JPN
JPN,Japan,1983,-0.39999999999999947,-2.8999999999999986,JPN
JPN,Japan,1984,-0.20000000000000018,-0.1999999999999993,JPN
JPN,Japan,1985,-0.5,0.5,JPN
JPN,Japan,1986,-0.2999999999999998,-2.3000000000000007,JPN
JPN,Japan,1987,-0.20000000000000018,-1.5,JPN
JPN,Japan,1988,-0.20000000000000018,-2.4000000000000004,JPN
JPN,Japan,1989,-0.20000000000000018,1.200000000000001,JPN
JPN,Japan,1990,0,-2.200000000000001,JPN
JPN,Japan,1991,-0.1999999999999993,0.40000000000000036,JPN
JPN,Japan,1992,0.09999999999999964,0.1999999999999993,JPN
JPN,Japan,1993,-0.20000000000000018,-1.4999999999999991,JPN
JPN,Japan,1994,-0.09999999999999964,-1.6000000000000005,JPN
JPN,Japan,1995,0.09999999999999964,1.5,JPN
JPN,Japan,1996,-0.5,-1,JPN
JPN,Japan,1997,-0.09999999999999964,0.20000000000000018,JPN
JPN,Japan,1998,-0.10000000000000009,0.6000000000000005,JPN
JPN,Japan,1999,-0.20000000000000018,-0.7000000000000002,JPN
JPN,Japan,2000,-0.19999999999999973,0.39999999999999947,JPN
JPN,Japan,2001,-0.10000000000000009,-0.39999999999999947,JPN
JPN,Japan,2002,-0.10000000000000009,1.0999999999999996,JPN
JPN,Japan,2003,0,-1.2000000000000002,JPN
JPN,Japan,2004,-0.20000000000000018,-1.5999999999999996,JPN
JPN,Japan,2005,0,1.2000000000000002,JPN
JPN,Japan,2006,-0.19999999999999973,-0.40000000000000036,JPN
JPN,Japan,2007,0,-2.1999999999999997,JPN
JPN,Japan,2008,0,0.19999999999999973,JPN
JPN,Japan,2009,-0.20000000000000018,1.9000000000000004,JPN
JPN,Japan,2010,-0.10000000000000009,-1.1000000000000005,JPN
JPN,Japan,2011,0,-0.5,JPN
JPN,Japan,2012,-0.09999999999999964,0.7000000000000002,JPN
JPN,Japan,2013,-0.10000000000000009,-0.7999999999999998,JPN
JPN,Japan,2014,0,-0.7000000000000002,JPN
JPN,Japan,2015,-0.20000000000000018,1.1000000000000005,JPN
JPN,Japan,2016,0.10000000000000009,-0.7000000000000002,JPN
JPN,Japan,2017,-0.10000000000000009,0.09999999999999964,JPN
JPN,Japan,2018,0,-0.19999999999999973,JPN
KOR,Korea,1996,NA,NA,KOR
KOR,Korea,1999,-1.5,-2,KOR
KOR,Korea,2002,-0.9000000000000004,-2,KOR
KOR,Korea,2005,-0.5999999999999996,-2,KOR
KOR,Korea,2006,-0.6000000000000005,1,KOR
KOR,Korea,2007,-0.5999999999999996,0,KOR
KOR,Korea,2008,-0.10000000000000009,-3,KOR
KOR,Korea,2009,-0.19999999999999973,1.5,KOR
KOR,Korea,2010,0,2.1999999999999993,KOR
KOR,Korea,2011,-0.20000000000000018,1.5,KOR
KOR,Korea,2012,-0.10000000000000009,-7.299999999999999,KOR
KOR,Korea,2013,0.10000000000000009,1.5999999999999996,KOR
KOR,Korea,2014,0,-0.5,KOR
KOR,Korea,2015,-0.2999999999999998,-2.3000000000000007,KOR
KOR,Korea,2016,0.09999999999999964,-0.29999999999999893,KOR
KOR,Korea,2017,0,-0.6000000000000005,KOR
KOR,Korea,2018,0,3.500000000000001,KOR
LUX,Luxembourg,1980,NA,NA,LUX
LUX,Luxembourg,1981,2.3000000000000007,0,LUX
LUX,Luxembourg,1982,-1.700000000000001,0,LUX
LUX,Luxembourg,1983,-0.9000000000000004,0,LUX
LUX,Luxembourg,1984,0.5,0,LUX
LUX,Luxembourg,1985,-2.6999999999999993,0,LUX
LUX,Luxembourg,1986,-1.0999999999999996,0,LUX
LUX,Luxembourg,1987,1.5,23.6,LUX
LUX,Luxembourg,1988,-0.9000000000000004,-23.6,LUX
LUX,Luxembourg,1989,1.4000000000000004,0,LUX
LUX,Luxembourg,1990,-2.6000000000000005,20.3,LUX
LUX,Luxembourg,1991,1.8999999999999995,-20.3,LUX
LUX,Luxembourg,1992,-0.6999999999999993,0,LUX
LUX,Luxembourg,1993,-2.5,0,LUX
LUX,Luxembourg,1994,-0.7000000000000002,18.4,LUX
LUX,Luxembourg,1995,0.20000000000000018,0.10000000000000142,LUX
LUX,Luxembourg,1996,-0.5999999999999996,-18.5,LUX
LUX,Luxembourg,1997,-0.7000000000000002,0,LUX
LUX,Luxembourg,1998,0.7999999999999998,18.6,LUX
LUX,Luxembourg,1999,-0.2999999999999998,-18.6,LUX
LUX,Luxembourg,2000,0.39999999999999947,17.5,LUX
LUX,Luxembourg,2001,0.8000000000000007,-17.5,LUX
LUX,Luxembourg,2002,-0.8000000000000007,0,LUX
LUX,Luxembourg,2003,-0.1999999999999993,0,LUX
LUX,Luxembourg,2004,-1.0000000000000004,18.3,LUX
LUX,Luxembourg,2005,-1.2999999999999998,0.3000000000000007,LUX
LUX,Luxembourg,2006,-0.10000000000000009,-18.6,LUX
LUX,Luxembourg,2007,-0.7,18.3,LUX
LUX,Luxembourg,2008,0,-0.40000000000000213,LUX
LUX,Luxembourg,2009,0.7,-17.9,LUX
LUX,Luxembourg,2010,0.8999999999999999,17,LUX
LUX,Luxembourg,2011,0.8999999999999999,-17,LUX
LUX,Luxembourg,2012,-1.7999999999999998,16.6,LUX
LUX,Luxembourg,2013,1.4,-0.20000000000000284,LUX
LUX,Luxembourg,2014,-1.1,-16.4,LUX
LUX,Luxembourg,2015,0,0,LUX
LUX,Luxembourg,2016,1,0,LUX
LUX,Luxembourg,2017,-0.5999999999999996,32.4,LUX
MEX,Mexico,1980,NA,NA,MEX
MEX,Mexico,1981,-2.8999999999999986,-4.5,MEX
MEX,Mexico,1982,-2.8999999999999986,-3.6000000000000085,MEX
MEX,Mexico,1983,-2.8999999999999986,-4.099999999999994,MEX
MEX,Mexico,1984,-2.700000000000003,-13.299999999999997,MEX
MEX,Mexico,1985,-2.299999999999997,-11.900000000000006,MEX
MEX,Mexico,1986,-2,-4.200000000000003,MEX
MEX,Mexico,1987,-1.8000000000000043,-4.5,MEX
MEX,Mexico,1988,-1.6999999999999957,-0.7000000000000028,MEX
MEX,Mexico,1989,1,-1.1999999999999886,MEX
MEX,Mexico,1990,-1.7000000000000028,3.3999999999999915,MEX
MEX,Mexico,1991,-3.8999999999999986,-2.0999999999999943,MEX
MEX,Mexico,1992,-1.1999999999999993,-0.7999999999999972,MEX
MEX,Mexico,1993,-1,-1.2000000000000028,MEX
MEX,Mexico,1994,-0.9000000000000021,-1.2999999999999972,MEX
MEX,Mexico,1995,-0.6999999999999993,-1.7000000000000028,MEX
MEX,Mexico,1996,-0.8000000000000007,-0.7000000000000028,MEX
MEX,Mexico,1997,-0.8999999999999986,-2.200000000000003,MEX
MEX,Mexico,1998,-0.8999999999999986,0.5,MEX
MEX,Mexico,1999,-1,1.7999999999999972,MEX
MEX,Mexico,2000,-1,-6.199999999999989,MEX
MEX,Mexico,2001,-1.1000000000000014,-5.400000000000006,MEX
MEX,Mexico,2002,-1.1000000000000014,-13.100000000000001,MEX
MEX,Mexico,2003,-0.8999999999999986,0.30000000000000426,MEX
MEX,Mexico,2004,-0.6999999999999993,-3.1000000000000014,MEX
MEX,Mexico,2005,-0.5,0.3999999999999986,MEX
MEX,Mexico,2006,-0.5,-3.200000000000003,MEX
MEX,Mexico,2007,-0.5,-3,MEX
MEX,Mexico,2008,-0.40000000000000213,1,MEX
MEX,Mexico,2009,-0.3999999999999986,3.9000000000000057,MEX
MEX,Mexico,2010,-0.3000000000000007,-9.5,MEX
MEX,Mexico,2011,-0.8999999999999986,-0.8000000000000043,MEX
MEX,Mexico,2012,-0.5,-0.7999999999999972,MEX
MEX,Mexico,2013,-0.40000000000000036,-4.200000000000003,MEX
MEX,Mexico,2014,-0.8000000000000007,0.8000000000000043,MEX
MEX,Mexico,2015,0,-3.700000000000003,MEX
MEX,Mexico,2016,-0.1999999999999993,2.200000000000003,MEX
MEX,Mexico,2017,0.09999999999999964,-2.200000000000003,MEX
MEX,Mexico,2018,-0.5999999999999996,-0.3999999999999986,MEX
NLD,Netherlands,1980,NA,NA,NLD
NLD,Netherlands,1981,-0.29999999999999893,-1.0000000000000009,NLD
NLD,Netherlands,1982,0,-1.3999999999999995,NLD
NLD,Netherlands,1983,0.09999999999999964,-1.1000000000000005,NLD
NLD,Netherlands,1984,-0.09999999999999964,4.500000000000001,NLD
NLD,Netherlands,1985,-0.3000000000000007,-5.300000000000001,NLD
NLD,Netherlands,1986,-0.2999999999999998,3.5999999999999996,NLD
NLD,Netherlands,1987,-0.10000000000000053,-0.5999999999999996,NLD
NLD,Netherlands,1988,-0.7999999999999998,2.0999999999999996,NLD
NLD,Netherlands,1989,0,-4.3,NLD
NLD,Netherlands,1990,0.2999999999999998,2.3,NLD
NLD,Netherlands,1991,-0.5999999999999996,-1.5999999999999996,NLD
NLD,Netherlands,1992,-0.20000000000000018,1.0999999999999996,NLD
NLD,Netherlands,1993,0,1.0999999999999996,NLD
NLD,Netherlands,1994,-0.7000000000000002,-2.0999999999999996,NLD
NLD,Netherlands,1995,-0.09999999999999964,1.2000000000000002,NLD
NLD,Netherlands,1996,0.20000000000000018,4.8,NLD
NLD,Netherlands,1997,-0.7000000000000002,-4.3,NLD
NLD,Netherlands,1998,0.20000000000000018,3.7,NLD
NLD,Netherlands,1999,0,-2,NLD
NLD,Netherlands,2000,-0.10000000000000053,-0.8000000000000007,NLD
NLD,Netherlands,2001,0.3000000000000007,-1.799999999999999,NLD
NLD,Netherlands,2002,-0.40000000000000036,3,NLD
NLD,Netherlands,2003,-0.20000000000000018,-5.9,NLD
NLD,Netherlands,2004,-0.39999999999999947,1.2000000000000002,NLD
NLD,Netherlands,2005,0.5,3.3,NLD
NLD,Netherlands,2006,-0.5,-0.40000000000000036,NLD
NLD,Netherlands,2007,-0.3000000000000007,-3.0999999999999996,NLD
NLD,Netherlands,2008,-0.2999999999999998,-0.7000000000000002,NLD
NLD,Netherlands,2009,0,0.6000000000000005,NLD
NLD,Netherlands,2010,0,-2.7,NLD
NLD,Netherlands,2011,-0.19999999999999973,-0.5000000000000002,NLD
NLD,Netherlands,2012,0.10000000000000009,1.7,NLD
NLD,Netherlands,2013,0.09999999999999964,-1.1,NLD
NLD,Netherlands,2014,-0.19999999999999973,0.6000000000000001,NLD
NLD,Netherlands,2015,-0.30000000000000027,0.6000000000000001,NLD
NLD,Netherlands,2016,0.20000000000000018,0,NLD
NLD,Netherlands,2017,0.10000000000000009,-1.7,NLD
NLD,Netherlands,2018,-0.10000000000000009,1.2,NLD
NZL,New Zealand,1980,NA,NA,NZL
NZL,New Zealand,1981,-1.1999999999999993,-9.9,NZL
NZL,New Zealand,1982,0.1999999999999993,10.1,NZL
NZL,New Zealand,1983,0.9000000000000004,3.8000000000000007,NZL
NZL,New Zealand,1984,-1.200000000000001,-12,NZL
NZL,New Zealand,1985,-0.7999999999999989,7.7,NZL
NZL,New Zealand,1986,0.5,3.5,NZL
NZL,New Zealand,1987,-1.3000000000000007,-4.300000000000001,NZL
NZL,New Zealand,1988,0.8000000000000007,4.699999999999999,NZL
NZL,New Zealand,1989,-0.5999999999999996,-7.099999999999998,NZL
NZL,New Zealand,1990,-1.9000000000000004,-3.700000000000001,NZL
NZL,New Zealand,1991,0,8.4,NZL
NZL,New Zealand,1992,-1.1000000000000005,-6.6,NZL
NZL,New Zealand,1993,0,8.6,NZL
NZL,New Zealand,1994,-0.09999999999999964,-10,NZL
NZL,New Zealand,1995,-0.5,-3.5,NZL
NZL,New Zealand,1996,0.5999999999999996,3.5,NZL
NZL,New Zealand,1997,-0.5,-1.7999999999999998,NZL
NZL,New Zealand,1998,-1.3999999999999995,1.7000000000000002,NZL
NZL,New Zealand,1999,0.39999999999999947,0.09999999999999964,NZL
NZL,New Zealand,2000,0.5,1.8000000000000007,NZL
NZL,New Zealand,2001,-0.7000000000000002,-3.500000000000001,NZL
NZL,New Zealand,2002,0.6000000000000005,9.399999999999999,NZL
NZL,New Zealand,2003,-0.7999999999999998,-7.6,NZL
NZL,New Zealand,2004,0.5,-0.2999999999999998,NZL
NZL,New Zealand,2005,-0.9000000000000004,1.7000000000000002,NZL
NZL,New Zealand,2006,0.09999999999999964,3.0999999999999996,NZL
NZL,New Zealand,2007,-0.2999999999999998,8.4,NZL
NZL,New Zealand,2008,0.20000000000000018,-10.8,NZL
NZL,New Zealand,2009,0.20000000000000018,6.600000000000001,NZL
NZL,New Zealand,2010,0.2999999999999998,-8.100000000000001,NZL
NZL,New Zealand,2011,-0.2999999999999998,3.6000000000000005,NZL
NZL,New Zealand,2012,-0.5,0,NZL
NZL,New Zealand,2013,0.2999999999999998,5.5,NZL
NZL,New Zealand,2014,0.7000000000000002,-11.700000000000001,NZL
NZL,New Zealand,2015,-1.4000000000000004,4.6,NZL
NZL,New Zealand,2016,-0.09999999999999964,-7.999999999999999,NZL
NOR,Norway,1980,NA,NA,NOR
NOR,Norway,1981,-0.5000000000000009,-9.8,NOR
NOR,Norway,1983,0.39999999999999947,2,NOR
NOR,Norway,1984,0.20000000000000107,-2,NOR
NOR,Norway,1985,0.09999999999999964,0,NOR
NOR,Norway,1986,-0.5999999999999996,1.7999999999999998,NOR
NOR,Norway,1987,0.5,1.7999999999999998,NOR
NOR,Norway,1988,0.1999999999999993,-2.0999999999999996,NOR
NOR,Norway,1989,-0.5999999999999996,4.9,NOR
NOR,Norway,1990,-1.0999999999999996,-5.1000000000000005,NOR
NOR,Norway,1991,-0.9000000000000004,4.8999999999999995,NOR
NOR,Norway,1992,-0.20000000000000018,-1.4999999999999991,NOR
NOR,Norway,1993,-0.5,-3.3000000000000003,NOR
NOR,Norway,1994,0,-3.4,NOR
NOR,Norway,1995,-1.0999999999999996,6.6,NOR
NOR,Norway,1996,-0.10000000000000053,-5,NOR
NOR,Norway,1997,0.10000000000000053,0.09999999999999987,NOR
NOR,Norway,1998,0,5.2,NOR
NOR,Norway,1999,-0.10000000000000053,1.5,NOR
NOR,Norway,2000,-0.19999999999999973,-5,NOR
NOR,Norway,2001,-0.10000000000000009,1.9,NOR
NOR,Norway,2002,-0.5,-1.6999999999999997,NOR
NOR,Norway,2003,0.30000000000000027,8.8,NOR
NOR,Norway,2004,-0.3999999999999999,-12.4,NOR
NOR,Norway,2005,-0.40000000000000036,3.5,NOR
NOR,Norway,2006,0.5,5,NOR
NOR,Norway,2007,-0.19999999999999973,-1.7000000000000002,NOR
NOR,Norway,2008,-0.10000000000000009,-1.7999999999999998,NOR
NOR,Norway,2009,0.20000000000000018,-3.4,NOR
NOR,Norway,2010,-0.7000000000000002,3.3000000000000003,NOR
NOR,Norway,2011,-0.10000000000000009,0,NOR
NOR,Norway,2012,0.20000000000000018,-4.9,NOR
NOR,Norway,2013,-0.20000000000000018,3.3,NOR
NOR,Norway,2014,0.10000000000000009,0,NOR
NOR,Norway,2015,-0.2999999999999998,-3.3,NOR
NOR,Norway,2016,0,0,NOR
NOR,Norway,2017,0,0,NOR
NOR,Norway,2018,0.09999999999999964,1.8,NOR
POL,Poland,1980,NA,NA,POL
POL,Poland,1981,-0.5,1.5,POL
POL,Poland,1982,-0.5,1.0999999999999996,POL
POL,Poland,1983,-1.2999999999999972,2,POL
POL,Poland,1984,-0.10000000000000142,-2.0999999999999996,POL
POL,Poland,1985,-0.8999999999999986,-3.0999999999999996,POL
POL,Poland,1986,-0.8000000000000007,2,POL
POL,Poland,1987,-0.10000000000000142,2.5,POL
POL,Poland,1988,-1.3000000000000007,-4,POL
POL,Poland,1989,-0.5999999999999979,-0.9000000000000004,POL
POL,Poland,1990,0.09999999999999787,2.200000000000001,POL
POL,Poland,1991,-1.1999999999999993,0,POL
POL,Poland,1992,-0.6999999999999993,-2.9000000000000004,POL
POL,Poland,1993,-1.3000000000000007,1.799999999999999,POL
POL,Poland,1994,-1.0999999999999996,-0.6999999999999993,POL
POL,Poland,1995,-1.5,-1.0999999999999996,POL
POL,Poland,1996,-1.4000000000000004,-5,POL
POL,Poland,1997,-2,0.8999999999999995,POL
POL,Poland,1998,-0.6999999999999993,-1,POL
POL,Poland,1999,-0.5999999999999996,0.7000000000000002,POL
POL,Poland,2000,-0.8000000000000007,2.4000000000000004,POL
POL,Poland,2001,-0.39999999999999947,-4.4,POL
POL,Poland,2002,-0.20000000000000018,1.9000000000000004,POL
POL,Poland,2003,-0.5,-1.4000000000000004,POL
POL,Poland,2004,-0.20000000000000018,0.7999999999999998,POL
POL,Poland,2005,-0.39999999999999947,-1.7999999999999998,POL
POL,Poland,2006,-0.40000000000000036,-0.10000000000000009,POL
POL,Poland,2007,0,-0.10000000000000009,POL
POL,Poland,2008,-0.40000000000000036,1.7999999999999998,POL
POL,Poland,2009,0,-2.6999999999999997,POL
POL,Poland,2010,-0.5999999999999996,0.30000000000000027,POL
POL,Poland,2011,-0.2999999999999998,0.09999999999999964,POL
POL,Poland,2012,-0.10000000000000053,-1.2999999999999998,POL
POL,Poland,2013,0,0.8999999999999999,POL
POL,Poland,2014,-0.39999999999999947,0.20000000000000018,POL
POL,Poland,2015,-0.20000000000000018,-0.5,POL
POL,Poland,2016,0,0.7999999999999998,POL
POL,Poland,2017,0,-0.19999999999999973,POL
POL,Poland,2018,-0.20000000000000018,-0.9000000000000001,POL
PRT,Portugal,1980,NA,NA,PRT
PRT,Portugal,1981,-2.5,-0.5,PRT
PRT,Portugal,1982,-2,3.3999999999999986,PRT
PRT,Portugal,1983,-0.6000000000000014,-6.6,PRT
PRT,Portugal,1984,-2.5,-0.5,PRT
PRT,Portugal,1985,1.1000000000000014,-5.4,PRT
PRT,Portugal,1986,-2,-1.3000000000000007,PRT
PRT,Portugal,1987,-1.6000000000000014,3.5,PRT
PRT,Portugal,1988,-1.1999999999999993,-5.6,PRT
PRT,Portugal,1989,-0.9000000000000004,3.5,PRT
PRT,Portugal,1990,-1.1999999999999993,0.20000000000000107,PRT
PRT,Portugal,1991,-0.09999999999999964,1.6999999999999993,PRT
PRT,Portugal,1992,-1.6000000000000014,-2.4000000000000004,PRT
PRT,Portugal,1993,-0.5999999999999996,-3.5,PRT
PRT,Portugal,1994,-0.6999999999999993,3.0999999999999996,PRT
PRT,Portugal,1995,-0.5,-0.7999999999999989,PRT
PRT,Portugal,1996,-0.6000000000000005,-3,PRT
PRT,Portugal,1997,-0.39999999999999947,-0.10000000000000053,PRT
PRT,Portugal,1998,-0.40000000000000036,2.6000000000000005,PRT
PRT,Portugal,1999,-0.40000000000000036,-2.7,PRT
PRT,Portugal,2000,-0.09999999999999964,-2.7,PRT
PRT,Portugal,2001,-0.5,3.7,PRT
PRT,Portugal,2002,0,-0.10000000000000053,PRT
PRT,Portugal,2003,-0.9000000000000004,1,PRT
PRT,Portugal,2004,-0.2999999999999998,1.0999999999999996,PRT
PRT,Portugal,2005,-0.2999999999999998,-5.499999999999999,PRT
PRT,Portugal,2006,-0.20000000000000018,3,PRT
PRT,Portugal,2007,0.10000000000000009,-0.7999999999999998,PRT
PRT,Portugal,2008,-0.10000000000000009,-1.1000000000000005,PRT
PRT,Portugal,2009,0.30000000000000027,3.2,PRT
PRT,Portugal,2010,-1.1,0.9000000000000004,PRT
PRT,Portugal,2011,0.6000000000000001,-2.7,PRT
PRT,Portugal,2012,0.2999999999999998,-0.7000000000000002,PRT
PRT,Portugal,2013,-0.5,1.5,PRT
PRT,Portugal,2014,0,1.2999999999999998,PRT
PRT,Portugal,2015,0,-0.2999999999999998,PRT
PRT,Portugal,2016,0.30000000000000027,1,PRT
PRT,Portugal,2017,-0.5,4.800000000000001,PRT
PRT,Portugal,2018,0.5999999999999996,4.399999999999999,PRT
SVK,Slovak Republic,1980,NA,NA,SVK
SVK,Slovak Republic,1981,-1.6999999999999993,-6.300000000000001,SVK
SVK,Slovak Republic,1982,-1.3000000000000007,2.1999999999999997,SVK
SVK,Slovak Republic,1983,-0.3999999999999986,-3.1999999999999997,SVK
SVK,Slovak Republic,1984,-0.3000000000000007,11,SVK
SVK,Slovak Republic,1985,-0.8999999999999986,-6.5,SVK
SVK,Slovak Republic,1986,-1.3000000000000007,-1,SVK
SVK,Slovak Republic,1987,-0.8000000000000007,-0.9999999999999996,SVK
SVK,Slovak Republic,1988,-0.8999999999999986,13.200000000000001,SVK
SVK,Slovak Republic,1989,0.1999999999999993,-6.800000000000001,SVK
SVK,Slovak Republic,1990,-1.5,-3.7,SVK
SVK,Slovak Republic,1991,1.1999999999999993,7.7,SVK
SVK,Slovak Republic,1992,-0.5999999999999996,-12.7,SVK
SVK,Slovak Republic,1993,-2,11,SVK
SVK,Slovak Republic,1994,0.5999999999999996,-6.300000000000001,SVK
SVK,Slovak Republic,1995,-0.1999999999999993,2.0999999999999996,SVK
SVK,Slovak Republic,1996,-0.8000000000000007,-3.0999999999999996,SVK
SVK,Slovak Republic,1997,-1.5,-1.6,SVK
SVK,Slovak Republic,1998,0.10000000000000142,5.299999999999999,SVK
SVK,Slovak Republic,1999,-0.5,2,SVK
SVK,Slovak Republic,2000,0.29999999999999893,-8.899999999999999,SVK
SVK,Slovak Republic,2001,-2.3999999999999995,13.799999999999999,SVK
SVK,Slovak Republic,2002,1.3999999999999995,-7.699999999999999,SVK
SVK,Slovak Republic,2003,0.3000000000000007,-4,SVK
SVK,Slovak Republic,2004,-1.1000000000000005,1.6999999999999997,SVK
SVK,Slovak Republic,2005,0.40000000000000036,-1.8999999999999995,SVK
SVK,Slovak Republic,2006,-0.6000000000000005,1.8999999999999995,SVK
SVK,Slovak Republic,2007,-0.5,-5.6,SVK
SVK,Slovak Republic,2008,-0.1999999999999993,3.5,SVK
SVK,Slovak Republic,2009,-0.20000000000000018,7.9,SVK
SVK,Slovak Republic,2010,0,-11.4,SVK
SVK,Slovak Republic,2011,-0.7999999999999998,9.9,SVK
SVK,Slovak Republic,2012,0.8999999999999995,-6.300000000000001,SVK
SVK,Slovak Republic,2013,-0.2999999999999998,-1.8,SVK
SVK,Slovak Republic,2014,0.2999999999999998,1.8,SVK
SVK,Slovak Republic,2015,-0.7000000000000002,-1.8,SVK
SVK,Slovak Republic,2016,0.3000000000000007,5.1000000000000005,SVK
SVK,Slovak Republic,2017,-0.9000000000000004,-1.7000000000000002,SVK
SVK,Slovak Republic,2018,0.5,-1.7000000000000002,SVK
SVK,Slovak Republic,2019,0.09999999999999964,-3.5,SVK
ESP,Spain,1980,NA,NA,ESP
ESP,Spain,1981,0.1999999999999993,-1.4000000000000004,ESP
ESP,Spain,1982,-1.1999999999999993,0.9000000000000004,ESP
ESP,Spain,1983,-0.40000000000000036,-2.9000000000000004,ESP
ESP,Spain,1984,-1,-2.5,ESP
ESP,Spain,1985,-1,-0.6999999999999993,ESP
ESP,Spain,1986,0.29999999999999893,1.0999999999999996,ESP
ESP,Spain,1987,-0.29999999999999893,-0.5999999999999996,ESP
ESP,Spain,1988,-0.9000000000000004,0.09999999999999964,ESP
ESP,Spain,1989,-0.20000000000000018,-2.1,ESP
ESP,Spain,1990,-0.20000000000000018,2.6,ESP
ESP,Spain,1991,-0.39999999999999947,-2.2,ESP
ESP,Spain,1992,-0.10000000000000053,1.5,ESP
ESP,Spain,1993,-0.39999999999999947,-1.6999999999999997,ESP
ESP,Spain,1994,-0.7000000000000002,0.3999999999999999,ESP
ESP,Spain,1995,-0.5,-0.5,ESP
ESP,Spain,1996,0,0,ESP
ESP,Spain,1997,-0.5,-0.7999999999999998,ESP
ESP,Spain,1998,-0.09999999999999964,0.5,ESP
ESP,Spain,1999,-0.40000000000000036,1,ESP
ESP,Spain,2000,-0.09999999999999964,-0.20000000000000018,ESP
ESP,Spain,2001,-0.40000000000000036,0.7000000000000002,ESP
ESP,Spain,2002,0.09999999999999964,-0.8000000000000003,ESP
ESP,Spain,2003,-0.19999999999999973,1.1,ESP
ESP,Spain,2004,0,0.09999999999999964,ESP
ESP,Spain,2005,-0.19999999999999973,-0.6999999999999997,ESP
ESP,Spain,2006,-0.20000000000000018,-1,ESP
ESP,Spain,2007,-0.10000000000000009,-0.2999999999999998,ESP
ESP,Spain,2008,-0.10000000000000009,1.9999999999999996,ESP
ESP,Spain,2009,-0.09999999999999964,-1.1999999999999997,ESP
ESP,Spain,2010,0,0.6999999999999997,ESP
ESP,Spain,2011,-0.10000000000000009,-1.0999999999999996,ESP
ESP,Spain,2012,0,-0.7999999999999998,ESP
ESP,Spain,2013,-0.3999999999999999,2,ESP
ESP,Spain,2014,0.09999999999999964,-2.1,ESP
ESP,Spain,2015,-0.09999999999999964,1.5,ESP
ESP,Spain,2016,0,0.10000000000000009,ESP
ESP,Spain,2017,0,-0.40000000000000036,ESP
ESP,Spain,2018,0,-1.4,ESP
SWE,Sweden,1980,NA,NA,SWE
SWE,Sweden,1981,0,-3.8999999999999995,SWE
SWE,Sweden,1982,-0.10000000000000053,0,SWE
SWE,Sweden,1983,0.20000000000000018,-4.3,SWE
SWE,Sweden,1984,-0.5999999999999996,2.1,SWE
SWE,Sweden,1985,0.39999999999999947,2.9999999999999996,SWE
SWE,Sweden,1986,-0.8999999999999995,-2.1999999999999997,SWE
SWE,Sweden,1987,0.1999999999999993,1.9,SWE
SWE,Sweden,1988,-0.2999999999999998,4.1000000000000005,SWE
SWE,Sweden,1989,0,-3.7,SWE
SWE,Sweden,1990,0.20000000000000018,-2,SWE
SWE,Sweden,1991,0.20000000000000018,0.7999999999999998,SWE
SWE,Sweden,1992,-0.9000000000000004,-4,SWE
SWE,Sweden,1993,-0.5,5.1,SWE
SWE,Sweden,1994,-0.39999999999999947,-4.199999999999999,SWE
SWE,Sweden,1995,-0.3000000000000007,3,SWE
SWE,Sweden,1996,-0.09999999999999964,1.4,SWE
SWE,Sweden,1997,-0.3999999999999999,-2,SWE
SWE,Sweden,1998,-0.10000000000000009,4.6000000000000005,SWE
SWE,Sweden,1999,-0.10000000000000009,-6.800000000000001,SWE
SWE,Sweden,2000,0,3.4,SWE
SWE,Sweden,2001,0.30000000000000027,-0.09999999999999964,SWE
SWE,Sweden,2002,-0.40000000000000036,1.8999999999999995,SWE
SWE,Sweden,2003,-0.19999999999999973,-4.3,SWE
SWE,Sweden,2004,0,2,SWE
SWE,Sweden,2005,-0.7000000000000002,3,SWE
SWE,Sweden,2006,0.3999999999999999,0.7000000000000002,SWE
SWE,Sweden,2007,-0.2999999999999998,-5.800000000000001,SWE
SWE,Sweden,2008,0,5.5,SWE
SWE,Sweden,2009,0,-0.10000000000000053,SWE
SWE,Sweden,2010,0,-4.699999999999999,SWE
SWE,Sweden,2011,-0.3999999999999999,-0.8,SWE
SWE,Sweden,2012,0.5,3.6000000000000005,SWE
SWE,Sweden,2013,0.10000000000000009,2.5999999999999996,SWE
SWE,Sweden,2014,-0.5,-2.8,SWE
SWE,Sweden,2015,0.2999999999999998,-0.9000000000000004,SWE
SWE,Sweden,2016,0,-1,SWE
SWE,Sweden,2017,-0.10000000000000009,1.7999999999999998,SWE
SWE,Sweden,2018,-0.3999999999999999,-0.7999999999999998,SWE
CHE,Switzerland,1980,NA,NA,CHE
CHE,Switzerland,1981,-1.5,1.3999999999999995,CHE
CHE,Switzerland,1982,0.10000000000000053,5.2,CHE
CHE,Switzerland,1983,-0.10000000000000053,-6.6,CHE
CHE,Switzerland,1984,-0.5,-4.1000000000000005,CHE
CHE,Switzerland,1985,-0.1999999999999993,4.1000000000000005,CHE
CHE,Switzerland,1986,-0.10000000000000053,-1.5000000000000004,CHE
CHE,Switzerland,1987,0,2.6,CHE
CHE,Switzerland,1988,0,3.5,CHE
CHE,Switzerland,1989,0.5,-6.3,CHE
CHE,Switzerland,1990,-0.5,2.3,CHE
CHE,Switzerland,1991,-0.5999999999999996,-4.8,CHE
CHE,Switzerland,1992,0.20000000000000018,3.3999999999999995,CHE
CHE,Switzerland,1993,-0.8000000000000007,1.4000000000000004,CHE
CHE,Switzerland,1994,-0.5,-2.4,CHE
CHE,Switzerland,1995,0,4.9,CHE
CHE,Switzerland,1996,-0.39999999999999947,-4.9,CHE
CHE,Switzerland,1997,0.09999999999999964,0.10000000000000009,CHE
CHE,Switzerland,1998,0,0.09999999999999964,CHE
CHE,Switzerland,1999,-0.20000000000000018,3.9000000000000004,CHE
CHE,Switzerland,2000,0.3000000000000007,-1.2999999999999998,CHE
CHE,Switzerland,2001,0.09999999999999964,-5,CHE
CHE,Switzerland,2002,-0.5,2.8000000000000003,CHE
CHE,Switzerland,2003,-0.20000000000000018,1.3999999999999995,CHE
CHE,Switzerland,2004,-0.09999999999999964,-0.09999999999999964,CHE
CHE,Switzerland,2005,0,0,CHE
CHE,Switzerland,2006,0.20000000000000018,2.6999999999999993,CHE
CHE,Switzerland,2007,-0.5000000000000004,-6.8999999999999995,CHE
CHE,Switzerland,2008,0.10000000000000009,9.1,CHE
CHE,Switzerland,2009,0.2999999999999998,-6.6000000000000005,CHE
CHE,Switzerland,2010,-0.5,-0.09999999999999964,CHE
CHE,Switzerland,2011,0,0,CHE
CHE,Switzerland,2012,-0.19999999999999973,4.8,CHE
CHE,Switzerland,2013,0.2999999999999998,-6.1,CHE
CHE,Switzerland,2014,0,3.5000000000000004,CHE
CHE,Switzerland,2015,0,1,CHE
CHE,Switzerland,2016,-0.2999999999999998,-3.5000000000000004,CHE
CHE,Switzerland,2017,-0.10000000000000009,1.1999999999999997,CHE
TUR,Turkey,1998,NA,NA,TUR
TUR,Turkey,2003,-13.700000000000003,-9,TUR
TUR,Turkey,2008,-12,-41.2,TUR
TUR,Turkey,2012,-7.5,-4.600000000000001,TUR
TUR,Turkey,2013,0.5999999999999996,0.5,TUR
TUR,Turkey,2014,0.09999999999999964,-0.6999999999999993,TUR
TUR,Turkey,2015,-0.1999999999999993,-0.40000000000000036,TUR
TUR,Turkey,2016,-0.3000000000000007,0.09999999999999964,TUR
TUR,Turkey,2017,-0.6999999999999993,-0.1999999999999993,TUR
TUR,Turkey,2018,0.1999999999999993,-0.9000000000000004,TUR
GBR,United Kingdom,1980,NA,NA,GBR
GBR,United Kingdom,1981,-0.9000000000000004,-1,GBR
GBR,United Kingdom,1982,-0.1999999999999993,-3,GBR
GBR,United Kingdom,1983,-0.8000000000000007,2,GBR
GBR,United Kingdom,1984,-0.5999999999999996,0,GBR
GBR,United Kingdom,1985,-0.1999999999999993,-1,GBR
GBR,United Kingdom,1986,0.09999999999999964,-1,GBR
GBR,United Kingdom,1987,-0.40000000000000036,-1,GBR
GBR,United Kingdom,1988,-0.09999999999999964,0,GBR
GBR,United Kingdom,1989,-0.5999999999999996,2,GBR
GBR,United Kingdom,1990,-0.5,0,GBR
GBR,United Kingdom,1991,-0.5,-1,GBR
GBR,United Kingdom,1992,-0.8000000000000007,-0.2999999999999998,GBR
GBR,United Kingdom,1993,-0.2999999999999998,-1,GBR
GBR,United Kingdom,1994,-0.09999999999999964,2.2,GBR
GBR,United Kingdom,1995,0,-0.9000000000000004,GBR
GBR,United Kingdom,1996,-0.10000000000000053,-0.40000000000000036,GBR
GBR,United Kingdom,1997,-0.2999999999999998,-1.1999999999999993,GBR
GBR,United Kingdom,1998,-0.09999999999999964,1.3999999999999995,GBR
GBR,United Kingdom,1999,0.09999999999999964,-1.3999999999999995,GBR
GBR,United Kingdom,2000,-0.20000000000000018,1.3999999999999995,GBR
GBR,United Kingdom,2001,-0.09999999999999964,0.7000000000000002,GBR
GBR,United Kingdom,2002,-0.2999999999999998,-1.5,GBR
GBR,United Kingdom,2003,0.09999999999999964,1.9000000000000004,GBR
GBR,United Kingdom,2004,-0.2999999999999998,-0.20000000000000018,GBR
GBR,United Kingdom,2005,0.09999999999999964,-2,GBR
GBR,United Kingdom,2006,-0.1999999999999993,1.5,GBR
GBR,United Kingdom,2007,-0.20000000000000018,-0.10000000000000053,GBR
GBR,United Kingdom,2008,-0.10000000000000053,-0.1999999999999993,GBR
GBR,United Kingdom,2009,-0.09999999999999964,1.0999999999999996,GBR
GBR,United Kingdom,2010,-0.2999999999999998,-3,GBR
GBR,United Kingdom,2011,0,1.5999999999999996,GBR
GBR,United Kingdom,2012,-0.20000000000000018,-0.1999999999999993,GBR
GBR,United Kingdom,2013,-0.10000000000000009,0,GBR
GBR,United Kingdom,2014,0,0.2999999999999998,GBR
GBR,United Kingdom,2015,0,-2.2,GBR
GBR,United Kingdom,2016,-0.10000000000000009,2.0999999999999996,GBR
GBR,United Kingdom,2017,0.10000000000000009,-0.09999999999999964,GBR
USA,United States,1980,NA,NA,USA
USA,United States,1981,-0.6999999999999993,-0.6999999999999993,USA
USA,United States,1982,-0.40000000000000036,-0.5999999999999996,USA
USA,United States,1983,-0.3000000000000007,0.09999999999999964,USA
USA,United States,1984,-0.3999999999999986,-0.20000000000000018,USA
USA,United States,1985,-0.20000000000000107,0,USA
USA,United States,1986,-0.1999999999999993,-0.5999999999999996,USA
USA,United States,1987,-0.3000000000000007,-0.6000000000000005,USA
USA,United States,1988,-0.09999999999999964,1.8000000000000007,USA
USA,United States,1989,-0.1999999999999993,-0.5,USA
USA,United States,1990,-0.6000000000000014,0.29999999999999893,USA
USA,United States,1991,-0.29999999999999893,-0.29999999999999893,USA
USA,United States,1992,-0.40000000000000036,-0.10000000000000053,USA
USA,United States,1993,-0.09999999999999964,-0.2999999999999998,USA
USA,United States,1994,-0.40000000000000036,0.8000000000000007,USA
USA,United States,1995,-0.40000000000000036,-1.200000000000001,USA
USA,United States,1996,-0.2999999999999998,0.5,USA
USA,United States,1997,-0.09999999999999964,0.8000000000000007,USA
USA,United States,1998,0,-1.3000000000000007,USA
USA,United States,1999,-0.10000000000000053,2.8000000000000007,USA
USA,United States,2000,-0.1999999999999993,-0.09999999999999964,USA
USA,United States,2001,-0.10000000000000053,0.09999999999999964,USA
USA,United States,2002,0.20000000000000018,-1,USA
USA,United States,2003,-0.20000000000000018,3.1999999999999993,USA
USA,United States,2004,0,1,USA
USA,United States,2005,0.10000000000000053,2,USA
USA,United States,2006,-0.20000000000000018,-1.799999999999999,USA
USA,United States,2007,0.09999999999999964,-0.6000000000000014,USA
CHL,Chile,1980,NA,NA,CHL
CHL,Chile,1981,-6,-11,CHL
CHL,Chile,1982,-3,9,CHL
CHL,Chile,1983,-1.8000000000000007,-11,CHL
CHL,Chile,1984,-2.599999999999998,-7,CHL
CHL,Chile,1985,-0.10000000000000142,15,CHL
CHL,Chile,1986,-0.3999999999999986,-3,CHL
CHL,Chile,1987,-0.6000000000000014,1,CHL
CHL,Chile,1988,0.3999999999999986,-7,CHL
CHL,Chile,1989,-1.7999999999999972,0,CHL
CHL,Chile,1990,-1.1000000000000014,-1,CHL
CHL,Chile,1991,-1.4000000000000004,-5,CHL
CHL,Chile,1992,-0.29999999999999893,-4,CHL
CHL,Chile,1993,-1.200000000000001,3,CHL
CHL,Chile,1994,-1.0999999999999996,-9,CHL
CHL,Chile,1995,-0.9000000000000004,6,CHL
CHL,Chile,1996,0,-8,CHL
CHL,Chile,1997,-1.0999999999999996,-1,CHL
CHL,Chile,1998,0.3000000000000007,-2,CHL
CHL,Chile,1999,-0.20000000000000107,3,CHL
CHL,Chile,2000,-1.1999999999999993,-4.300000000000001,CHL
CHL,Chile,2001,-0.5999999999999996,-1.3000000000000007,CHL
CHL,Chile,2002,-0.5000000000000009,-0.29999999999999716,CHL
CHL,Chile,2003,0,-4.900000000000002,CHL
CHL,Chile,2004,0.6000000000000005,5.100000000000001,CHL
CHL,Chile,2005,-0.5,1.1999999999999993,CHL
CHL,Chile,2006,-0.3000000000000007,0.8000000000000007,CHL
CHL,Chile,2007,0.7000000000000011,-1.1000000000000014,CHL
CHL,Chile,2008,-0.5000000000000009,-1.6999999999999993,CHL
CHL,Chile,2009,0.10000000000000053,3.1999999999999993,CHL
CHL,Chile,2010,-0.5,-1.8000000000000007,CHL
CHL,Chile,2011,0.2999999999999998,-1.7999999999999972,CHL
CHL,Chile,2012,-0.2999999999999998,1.0999999999999979,CHL
CHL,Chile,2013,-0.40000000000000036,-2,CHL
CHL,Chile,2014,0.20000000000000018,-1.6999999999999993,CHL
CHL,Chile,2015,-0.2999999999999998,2,CHL
CHL,Chile,2016,0.09999999999999964,-6.5,CHL
CHL,Chile,2017,0.09999999999999964,8.3,CHL
CHL,Chile,2018,-0.5,-4.200000000000001,CHL
EST,Estonia,1980,NA,NA,EST
EST,Estonia,1981,-0.10000000000000142,-0.8000000000000007,EST
EST,Estonia,1982,0.1999999999999993,8.400000000000002,EST
EST,Estonia,1983,-1.0999999999999979,-9.900000000000002,EST
EST,Estonia,1984,-2.5000000000000018,-8.2,EST
EST,Estonia,1985,0.5,30.1,EST
EST,Estonia,1986,1.9000000000000004,-17.6,EST
EST,Estonia,1987,0,10.899999999999999,EST
EST,Estonia,1988,-3.5,-16,EST
EST,Estonia,1989,2.3000000000000007,17.200000000000003,EST
EST,Estonia,1990,-2.5,-9.700000000000003,EST
EST,Estonia,1991,1,-0.5,EST
EST,Estonia,1992,2.3999999999999986,-8.7,EST
EST,Estonia,1993,-0.09999999999999964,10.599999999999998,EST
EST,Estonia,1994,-1.1999999999999993,23.6,EST
EST,Estonia,1995,0.5,-4.600000000000001,EST
EST,Estonia,1996,-4.4,-51.8,EST
EST,Estonia,1997,-0.5,15.9,EST
EST,Estonia,1998,-0.5999999999999996,0.4999999999999982,EST
EST,Estonia,1999,0.1999999999999993,-0.29999999999999716,EST
EST,Estonia,2000,-1.1999999999999993,29.799999999999997,EST
EST,Estonia,2001,0.40000000000000036,-38,EST
EST,Estonia,2002,-3.1000000000000005,-0.20000000000000018,EST
EST,Estonia,2003,1.2999999999999998,23,EST
EST,Estonia,2004,-0.5999999999999996,-2.099999999999998,EST
EST,Estonia,2005,-1,-14.700000000000001,EST
EST,Estonia,2006,-1,-7.2,EST
EST,Estonia,2007,0.5999999999999996,-6.7,EST
EST,Estonia,2008,0,0,EST
EST,Estonia,2009,-1.4,0,EST
EST,Estonia,2010,-0.30000000000000027,6.3,EST
EST,Estonia,2011,-0.7999999999999998,7.3,EST
EST,Estonia,2012,1.1,-6.5,EST
EST,Estonia,2013,-1.5,0.20000000000000018,EST
EST,Estonia,2014,0.6000000000000001,-7.3,EST
EST,Estonia,2015,-0.20000000000000018,0,EST
EST,Estonia,2016,-0.20000000000000018,14.4,EST
EST,Estonia,2017,0,-14.4,EST
EST,Estonia,2018,-0.6999999999999997,0,EST
ISR,Israel,1980,NA,NA,ISR
ISR,Israel,1981,0.09999999999999964,-6.4,ISR
ISR,Israel,1982,-1.5999999999999996,3.1,ISR
ISR,Israel,1983,-0.40000000000000036,-1.1,ISR
ISR,Israel,1984,-0.8999999999999986,3.0999999999999996,ISR
ISR,Israel,1985,-0.9000000000000004,0.9000000000000004,ISR
ISR,Israel,1986,-0.5,-2,ISR
ISR,Israel,1987,-0.3000000000000007,4.1,ISR
ISR,Israel,1988,-1,-3.0999999999999996,ISR
ISR,Israel,1989,0,1.9000000000000004,ISR
ISR,Israel,1990,-0.1999999999999993,5.699999999999999,ISR
ISR,Israel,1991,-0.7000000000000011,-4.1,ISR
ISR,Israel,1992,0.20000000000000107,-3,ISR
ISR,Israel,1993,-1.6000000000000005,-2.8,ISR
ISR,Israel,1994,-0.2999999999999998,2.5,ISR
ISR,Israel,1995,-0.7000000000000002,0.7999999999999998,ISR
ISR,Israel,1996,-0.5,1.4000000000000004,ISR
ISR,Israel,1997,0.10000000000000053,2.1999999999999993,ISR
ISR,Israel,1998,-0.5,-1.0999999999999996,ISR
ISR,Israel,1999,-0.10000000000000053,-1.7000000000000002,ISR
ISR,Israel,2000,-0.2999999999999998,-3.0999999999999996,ISR
ISR,Israel,2001,-0.40000000000000036,2.8999999999999995,ISR
ISR,Israel,2002,0.3000000000000007,-1.5999999999999996,ISR
ISR,Israel,2003,-0.5,-2.9,ISR
ISR,Israel,2004,-0.3000000000000007,1.9999999999999996,ISR
ISR,Israel,2005,-0.1999999999999993,-1.2999999999999998,ISR
ISR,Israel,2006,-0.40000000000000036,4.6000000000000005,ISR
ISR,Israel,2007,-0.10000000000000009,-2.8000000000000007,ISR
ISR,Israel,2008,-0.10000000000000009,0.5,ISR
ISR,Israel,2009,0,-1.9999999999999996,ISR
ISR,Israel,2010,-0.09999999999999964,1.1,ISR
ISR,Israel,2011,-0.20000000000000018,-3,ISR
ISR,Israel,2012,0.10000000000000009,4.1,ISR
ISR,Israel,2013,-0.5,-0.5999999999999996,ISR
ISR,Israel,2014,0,-1.9000000000000004,ISR
ISR,Israel,2015,0,1.1,ISR
ISR,Israel,2016,0,-1.6999999999999997,ISR
ISR,Israel,2017,0,0.5,ISR
ISR,Israel,2018,-0.10000000000000009,1.0999999999999996,ISR
SVN,Slovenia,1985,NA,NA,SVN
SVN,Slovenia,1986,-1.0999999999999996,8.5,SVN
SVN,Slovenia,1987,-0.8000000000000007,-20.1,SVN
SVN,Slovenia,1988,-1.0999999999999996,8,SVN
SVN,Slovenia,1989,-1.9000000000000004,-7.6000000000000005,SVN
SVN,Slovenia,1990,0.3000000000000007,4.6000000000000005,SVN
SVN,Slovenia,1991,-0.20000000000000107,-4.300000000000001,SVN
SVN,Slovenia,1992,0.7000000000000011,0.40000000000000036,SVN
SVN,Slovenia,1993,-2.1000000000000005,5.1,SVN
SVN,Slovenia,1994,-0.2999999999999998,0.20000000000000107,SVN
SVN,Slovenia,1995,-1,-5.000000000000001,SVN
SVN,Slovenia,1996,-0.7999999999999998,21.3,SVN
SVN,Slovenia,1997,0.5,-15.500000000000002,SVN
SVN,Slovenia,1998,0,-11.1,SVN
SVN,Slovenia,1999,-0.7000000000000002,17.3,SVN
SVN,Slovenia,2000,0.40000000000000036,4.800000000000001,SVN
SVN,Slovenia,2001,-0.7000000000000002,0.7999999999999972,SVN
SVN,Slovenia,2002,-0.40000000000000036,-22.9,SVN
SVN,Slovenia,2003,0.20000000000000018,0,SVN
SVN,Slovenia,2004,-0.2999999999999998,11.2,SVN
SVN,Slovenia,2005,0.39999999999999947,5.400000000000002,SVN
SVN,Slovenia,2006,-0.6999999999999997,9.799999999999997,SVN
SVN,Slovenia,2007,-0.6000000000000001,-11.299999999999999,SVN
SVN,Slovenia,2008,-0.3999999999999999,-1.299999999999999,SVN
SVN,Slovenia,2009,0,-9.200000000000001,SVN
SVN,Slovenia,2010,0.10000000000000009,-4.6,SVN
SVN,Slovenia,2011,0.3999999999999999,0,SVN
SVN,Slovenia,2012,-1.2999999999999998,9.2,SVN
SVN,Slovenia,2013,1.2999999999999998,-4.3999999999999995,SVN
SVN,Slovenia,2014,-1.0999999999999999,0,SVN
SVN,Slovenia,2015,-0.19999999999999996,0.20000000000000018,SVN
SVN,Slovenia,2016,0.3999999999999999,0,SVN
SVN,Slovenia,2017,0.10000000000000009,0,SVN
LTU,Lithuania,1985,NA,NA,LTU
LTU,Lithuania,1986,-2.5999999999999996,4.600000000000001,LTU
LTU,Lithuania,1987,0.7000000000000011,-4.900000000000002,LTU
LTU,Lithuania,1988,-0.7000000000000011,-2.5,LTU
LTU,Lithuania,1989,-0.9000000000000004,9.3,LTU
LTU,Lithuania,1990,-0.5,-5.800000000000001,LTU
LTU,Lithuania,1991,4.200000000000001,-3.299999999999997,LTU
LTU,Lithuania,1992,1.9000000000000004,0.5999999999999979,LTU
LTU,Lithuania,1993,-0.6000000000000014,-7.6,LTU
LTU,Lithuania,1994,-1.5,3.9000000000000004,LTU
LTU,Lithuania,1995,-1.6999999999999993,0.5,LTU
LTU,Lithuania,1996,-2.4000000000000004,-4.199999999999999,LTU
LTU,Lithuania,1997,0.20000000000000107,3.0999999999999996,LTU
LTU,Lithuania,1998,-1,0.29999999999999893,LTU
LTU,Lithuania,1999,-0.6000000000000014,-2.5,LTU
LTU,Lithuania,2000,-0.09999999999999964,-4.899999999999999,LTU
LTU,Lithuania,2001,-0.5999999999999996,4,LTU
LTU,Lithuania,2002,0.09999999999999964,7.5,LTU
LTU,Lithuania,2003,-1.1999999999999993,-17,LTU
LTU,Lithuania,2004,1.1999999999999993,13.5,LTU
LTU,Lithuania,2005,-1,-3.200000000000001,LTU
LTU,Lithuania,2006,0.10000000000000053,-13.6,LTU
LTU,Lithuania,2007,-0.9000000000000004,6.7,LTU
LTU,Lithuania,2008,-0.7999999999999998,2.8,LTU
LTU,Lithuania,2009,0.09999999999999964,-9.5,LTU
LTU,Lithuania,2010,-0.5999999999999996,6.5,LTU
LTU,Lithuania,2011,-0.20000000000000018,0.09999999999999964,LTU
LTU,Lithuania,2012,-0.8999999999999999,3.200000000000001,LTU
LTU,Lithuania,2013,-0.19999999999999973,-3.1000000000000005,LTU
LTU,Lithuania,2014,0.19999999999999973,-3.4000000000000004,LTU
LTU,Lithuania,2015,0.30000000000000027,6.2,LTU
LTU,Lithuania,2016,0.2999999999999998,-3,LTU
LTU,Lithuania,2017,-1.5,0.5,LTU
LTU,Lithuania,2018,0.3999999999999999,7.199999999999999,LTU
LVA,Latvia,2000,NA,NA,LVA
LVA,Latvia,2001,0.6999999999999993,0.5999999999999979,LVA
LVA,Latvia,2002,-1.1999999999999993,-20.4,LVA
LVA,Latvia,2003,-0.40000000000000036,9.3,LVA
LVA,Latvia,2004,-0.09999999999999964,-4.5,LVA
LVA,Latvia,2005,-1.6000000000000005,-5.200000000000001,LVA
LVA,Latvia,2006,-0.2999999999999998,8.9,LVA
LVA,Latvia,2007,1.0999999999999996,12.3,LVA
LVA,Latvia,2008,-1.9000000000000004,-13.3,LVA
LVA,Latvia,2009,1,33.6,LVA
LVA,Latvia,2010,-2,-20,LVA
LVA,Latvia,2011,1,-20.700000000000003,LVA
LVA,Latvia,2012,-0.2999999999999998,15.1,LVA
LVA,Latvia,2013,-1.8999999999999995,4.199999999999999,LVA
LVA,Latvia,2014,-0.6000000000000005,-10.7,LVA
LVA,Latvia,2015,0.2999999999999998,41.2,LVA
LVA,Latvia,2016,-0.39999999999999947,-32.1,LVA
LVA,Latvia,2017,0.39999999999999947,-18.200000000000003,LVA
LVA,Latvia,2018,-0.8999999999999995,10.799999999999999,LVA
